order_id,order_date,customer_id,customer_name,customer_email,product_id,product_name,category_id,category_name,quantity,unit_price,line_total,order_total
1,2025-02-11,75,Dana Dyer,walkerbruce@example.net,143,Too Teach,19,Different,1,250.12,250.12,250.12
2,2024-01-27,115,Amy James,kelseybush@example.com,119,South Act,15,Hour,4,384.12,1536.48,2732.64
2,2024-01-27,115,Amy James,kelseybush@example.com,274,Stay Go,20,Mind,3,398.72,1196.16,2732.64
3,2024-08-21,124,David Johnson,robertwebb@example.net,219,Could Kid,1,Have,2,297.5,595.0,1698.43
3,2024-08-21,124,David Johnson,robertwebb@example.net,147,Direction Big,10,President,3,367.81,1103.43,1698.43
4,2024-05-08,155,Michael Baxter,davidsilva@example.com,6,Plan Discussion,7,Phone,4,434.61,1738.44,1738.44
5,2024-05-31,8,Samantha Benjamin,dustingray@example.com,115,Prove Make,10,President,2,43.36,86.72,1657.63
5,2024-05-31,8,Samantha Benjamin,dustingray@example.com,266,Second With,2,Deal,3,371.78,1115.34,1657.63
5,2024-05-31,8,Samantha Benjamin,dustingray@example.com,294,Whether Value,1,Have,1,455.57,455.57,1657.63
6,2024-10-05,65,Dylan Walker,edward17@example.com,7,Because Night,2,Deal,2,7.29,14.58,1031.34
6,2024-10-05,65,Dylan Walker,edward17@example.com,41,Traditional Image,1,Have,4,254.19,1016.76,1031.34
7,2024-11-14,107,Allen Lang,bjordan@example.net,148,Hot South,3,One,4,295.93,1183.72,4141.12
7,2024-11-14,107,Allen Lang,bjordan@example.net,213,Sort Half,18,Strong,3,50.51,151.53,4141.12
7,2024-11-14,107,Allen Lang,bjordan@example.net,93,Help Exist,12,Who,1,419.91,419.91,4141.12
7,2024-11-14,107,Allen Lang,bjordan@example.net,129,Water Another,2,Deal,3,303.9,911.6999999999999,4141.12
7,2024-11-14,107,Allen Lang,bjordan@example.net,262,Appear Spend,8,Nor,3,491.42,1474.26,4141.12
8,2025-08-04,54,Brett Hayes,venglish@example.com,169,Wrong Stop,7,Phone,4,442.09,1768.36,3689.72
8,2025-08-04,54,Brett Hayes,venglish@example.com,252,Travel Avoid,12,Who,3,24.12,72.36,3689.72
8,2025-08-04,54,Brett Hayes,venglish@example.com,155,Interest Congress,6,Several,4,146.02,584.08,3689.72
8,2025-08-04,54,Brett Hayes,venglish@example.com,32,Teacher Commercial,6,Several,4,316.23,1264.92,3689.72
9,2024-08-31,60,Jacqueline Lopez,jacksongina@example.net,123,Their Different,13,Past,1,194.47,194.47,2372.57
9,2024-08-31,60,Jacqueline Lopez,jacksongina@example.net,89,Member Four,15,Hour,2,317.99,635.98,2372.57
9,2024-08-31,60,Jacqueline Lopez,jacksongina@example.net,200,Available Both,14,Break,4,385.53,1542.12,2372.57
10,2024-02-25,133,Brittany Preston,egilbert@example.com,247,Role Per,19,Different,4,97.46,389.84,2839.58
10,2024-02-25,133,Brittany Preston,egilbert@example.com,171,Foot Arm,9,Wind,3,329.11,987.33,2839.58
10,2024-02-25,133,Brittany Preston,egilbert@example.com,166,Suggest Would,13,Past,4,298.21,1192.84,2839.58
10,2024-02-25,133,Brittany Preston,egilbert@example.com,280,Response Somebody,18,Strong,1,269.57,269.57,2839.58
11,2024-09-06,184,Austin Ortiz,haileybrown@example.com,183,Design Our,7,Phone,3,484.99,1454.97,3245.92
11,2024-09-06,184,Austin Ortiz,haileybrown@example.com,114,Focus Early,15,Hour,1,152.59,152.59,3245.92
11,2024-09-06,184,Austin Ortiz,haileybrown@example.com,126,Audience Rock,8,Nor,2,114.78,229.56,3245.92
11,2024-09-06,184,Austin Ortiz,haileybrown@example.com,196,Community Bill,9,Wind,3,469.6,1408.8000000000002,3245.92
12,2024-01-04,33,Brandon Hamilton,tracyadams@example.net,132,Wind Glass,18,Strong,1,450.02,450.02,675.22
12,2024-01-04,33,Brandon Hamilton,tracyadams@example.net,223,President Them,5,Peace,2,112.6,225.2,675.22
13,2025-07-31,196,Omar Lawson,butlersherry@example.org,42,Tv Enter,4,Choice,2,442.16,884.32,2791.43
13,2025-07-31,196,Omar Lawson,butlersherry@example.org,79,Unit Could,10,President,2,181.67,363.34,2791.43
13,2025-07-31,196,Omar Lawson,butlersherry@example.org,217,Receive Them,14,Break,2,267.58,535.16,2791.43
13,2025-07-31,196,Omar Lawson,butlersherry@example.org,125,General Respond,4,Choice,2,259.56,519.12,2791.43
13,2025-07-31,196,Omar Lawson,butlersherry@example.org,24,Task Wait,2,Deal,1,489.49,489.49,2791.43
14,2025-08-30,30,Jennifer King,rosstroy@example.org,220,Happen Per,8,Nor,1,250.71,250.71,250.71
15,2024-04-19,152,Jennifer Williams,omeadows@example.com,83,Total Drop,3,One,4,260.34,1041.36,1188.01
15,2024-04-19,152,Jennifer Williams,omeadows@example.com,277,Oil Stay,10,President,1,146.65,146.65,1188.01
16,2024-01-04,106,Abigail Davis,yhendrix@example.com,78,Woman Worker,1,Have,2,224.22,448.44,448.44
17,2025-01-12,5,Michael Chang,kellychad@example.net,65,Benefit Real,4,Choice,3,488.07,1464.21,2924.33
17,2025-01-12,5,Michael Chang,kellychad@example.net,153,Identify Answer,19,Different,2,476.91,953.82,2924.33
17,2025-01-12,5,Michael Chang,kellychad@example.net,205,Month Interesting,9,Wind,4,47.63,190.52,2924.33
17,2025-01-12,5,Michael Chang,kellychad@example.net,118,To Debate,8,Nor,3,105.26,315.78000000000003,2924.33
18,2024-06-05,68,Nicholas Burgess,allenkenneth@example.com,99,Culture Big,6,Several,1,67.3,67.3,964.9
18,2024-06-05,68,Nicholas Burgess,allenkenneth@example.com,60,Discover Business,10,President,3,166.65,499.95000000000005,964.9
18,2024-06-05,68,Nicholas Burgess,allenkenneth@example.com,290,Likely Concern,13,Past,3,132.55,397.65000000000003,964.9
19,2024-04-03,83,Alexis Everett,grichards@example.com,105,One Itself,4,Choice,3,306.35,919.0500000000001,919.05
20,2025-03-05,159,Abigail Stevens,heatherquinn@example.net,253,Tell Miss,19,Different,3,292.29,876.8700000000001,876.87
21,2025-06-18,152,Jennifer Williams,omeadows@example.com,12,Often Law,13,Past,3,226.43,679.29,2213.49
21,2025-06-18,152,Jennifer Williams,omeadows@example.com,176,Federal Pattern,10,President,3,355.92,1067.76,2213.49
21,2025-06-18,152,Jennifer Williams,omeadows@example.com,170,Miss Different,14,Break,2,233.22,466.44,2213.49
22,2025-06-05,88,Sandra Gutierrez,daniel33@example.org,44,Remember That,2,Deal,2,60.36,120.72,1031.4
22,2025-06-05,88,Sandra Gutierrez,daniel33@example.org,218,Top School,7,Phone,4,26.83,107.32,1031.4
22,2025-06-05,88,Sandra Gutierrez,daniel33@example.org,152,My Security,12,Who,2,401.68,803.36,1031.4
23,2024-12-09,131,Dr. Craig Macdonald,jennifer99@example.com,71,Party Example,10,President,3,84.14,252.42000000000002,511.98
23,2024-12-09,131,Dr. Craig Macdonald,jennifer99@example.com,125,General Respond,4,Choice,1,259.56,259.56,511.98
24,2025-10-28,141,Nathaniel Pierce,kinggeorge@example.com,133,Paper Cup,20,Mind,2,162.89,325.78,2291.46
24,2025-10-28,141,Nathaniel Pierce,kinggeorge@example.com,262,Appear Spend,8,Nor,4,491.42,1965.68,2291.46
25,2024-11-06,69,Ronnie Welch,turnermichelle@example.com,12,Often Law,13,Past,1,226.43,226.43,1397.15
25,2024-11-06,69,Ronnie Welch,turnermichelle@example.com,255,Rate Car,20,Mind,4,292.68,1170.72,1397.15
26,2024-05-04,52,Emily Mays,angelazimmerman@example.com,54,School Ball,8,Nor,1,192.76,192.76,559.99
26,2024-05-04,52,Emily Mays,angelazimmerman@example.com,98,Born Near,7,Phone,1,367.23,367.23,559.99
27,2025-02-23,35,Robert Alexander,johnspencer@example.com,36,Camera Prove,11,Young,4,416.65,1666.6,3902.45
27,2025-02-23,35,Robert Alexander,johnspencer@example.com,281,President Scientist,13,Past,2,258.78,517.56,3902.45
27,2025-02-23,35,Robert Alexander,johnspencer@example.com,242,Case Base,3,One,2,244.55,489.1,3902.45
27,2025-02-23,35,Robert Alexander,johnspencer@example.com,250,Your Physical,7,Phone,3,409.73,1229.19,3902.45
28,2024-02-10,158,Jacqueline Barker,gprice@example.org,239,Truth Move,12,Who,3,274.02,822.06,2737.21
28,2024-02-10,158,Jacqueline Barker,gprice@example.org,93,Help Exist,12,Who,3,419.91,1259.73,2737.21
28,2024-02-10,158,Jacqueline Barker,gprice@example.org,182,Anyone Rich,16,The,2,327.71,655.42,2737.21
29,2024-01-27,41,Christopher Garcia,keithturner@example.com,111,Compare Media,15,Hour,2,133.57,267.14,2037.53
29,2024-01-27,41,Christopher Garcia,keithturner@example.com,267,These Include,7,Phone,1,80.88,80.88,2037.53
29,2024-01-27,41,Christopher Garcia,keithturner@example.com,126,Audience Rock,8,Nor,4,114.78,459.12,2037.53
29,2024-01-27,41,Christopher Garcia,keithturner@example.com,21,Work Soldier,15,Hour,1,472.79,472.79,2037.53
29,2024-01-27,41,Christopher Garcia,keithturner@example.com,249,Fill Show,6,Several,2,378.8,757.6,2037.53
30,2024-08-10,81,Jordan Tucker,cordovamelissa@example.org,193,Down Up,18,Strong,4,260.78,1043.12,3434.03
30,2024-08-10,81,Jordan Tucker,cordovamelissa@example.org,194,Guy Director,8,Nor,4,215.51,862.04,3434.03
30,2024-08-10,81,Jordan Tucker,cordovamelissa@example.org,98,Born Near,7,Phone,1,367.23,367.23,3434.03
30,2024-08-10,81,Jordan Tucker,cordovamelissa@example.org,17,Family Interest,11,Young,4,290.41,1161.64,3434.03
31,2025-06-16,17,David Clark,bhouse@example.com,282,Other Be,8,Nor,2,191.67,383.34,2309.1
31,2025-06-16,17,David Clark,bhouse@example.com,56,Hit Clear,4,Choice,4,61.81,247.24,2309.1
31,2025-06-16,17,David Clark,bhouse@example.com,95,Song Color,11,Young,1,320.9,320.9,2309.1
31,2025-06-16,17,David Clark,bhouse@example.com,111,Compare Media,15,Hour,2,133.57,267.14,2309.1
31,2025-06-16,17,David Clark,bhouse@example.com,61,Actually List,6,Several,4,272.62,1090.48,2309.1
32,2024-05-21,128,Emily Gordon,urandolph@example.com,88,Edge Drug,15,Hour,3,220.79,662.37,662.37
33,2025-06-10,87,Robert Vazquez,patricia40@example.org,165,Travel Mention,13,Past,4,278.11,1112.44,1750.09
33,2025-06-10,87,Robert Vazquez,patricia40@example.org,44,Remember That,2,Deal,2,60.36,120.72,1750.09
33,2025-06-10,87,Robert Vazquez,patricia40@example.org,270,Hair Card,8,Nor,2,185.64,371.28,1750.09
33,2025-06-10,87,Robert Vazquez,patricia40@example.org,76,Director Standard,14,Break,3,48.55,145.64999999999998,1750.09
34,2024-05-03,116,Katherine Navarro MD,michele39@example.com,255,Rate Car,20,Mind,1,292.68,292.68,2022.04
34,2024-05-03,116,Katherine Navarro MD,michele39@example.com,261,Century Herself,7,Phone,4,432.34,1729.36,2022.04
35,2024-07-27,154,Elizabeth Griffin,juliajackson@example.com,64,Bank Area,18,Strong,4,274.98,1099.92,3412.28
35,2024-07-27,154,Elizabeth Griffin,juliajackson@example.com,153,Identify Answer,19,Different,1,476.91,476.91,3412.28
35,2024-07-27,154,Elizabeth Griffin,juliajackson@example.com,145,In Benefit,7,Phone,2,355.78,711.56,3412.28
35,2024-07-27,154,Elizabeth Griffin,juliajackson@example.com,236,Play One,1,Have,3,374.63,1123.8899999999999,3412.28
36,2025-09-08,2,Roger Young,butlerjerry@example.com,27,North Man,4,Choice,1,285.09,285.09,285.09
37,2025-02-18,81,Jordan Tucker,cordovamelissa@example.org,44,Remember That,2,Deal,4,60.36,241.44,2737.21
37,2025-02-18,81,Jordan Tucker,cordovamelissa@example.org,71,Party Example,10,President,2,84.14,168.28,2737.21
37,2025-02-18,81,Jordan Tucker,cordovamelissa@example.org,135,Establish Heavy,16,The,3,342.38,1027.1399999999999,2737.21
37,2025-02-18,81,Jordan Tucker,cordovamelissa@example.org,82,Protect Want,2,Deal,3,433.45,1300.35,2737.21
38,2024-02-11,108,Henry Campbell,wacevedo@example.net,172,Join Listen,5,Peace,3,212.91,638.73,638.73
39,2024-05-31,143,Darren Leon,matthew89@example.com,239,Truth Move,12,Who,4,274.02,1096.08,3590.37
39,2024-05-31,143,Darren Leon,matthew89@example.com,171,Foot Arm,9,Wind,4,329.11,1316.44,3590.37
39,2024-05-31,143,Darren Leon,matthew89@example.com,173,Water Option,20,Mind,2,96.07,192.14,3590.37
39,2024-05-31,143,Darren Leon,matthew89@example.com,208,Water Government,19,Different,3,328.57,985.71,3590.37
40,2023-12-05,59,Jeffrey Garcia,kristenalvarez@example.com,69,Blue Answer,7,Phone,4,70.13,280.52,2706.01
40,2023-12-05,59,Jeffrey Garcia,kristenalvarez@example.com,122,Myself Guy,14,Break,2,315.45,630.9,2706.01
40,2023-12-05,59,Jeffrey Garcia,kristenalvarez@example.com,256,Tell Behavior,14,Break,4,197.05,788.2,2706.01
40,2023-12-05,59,Jeffrey Garcia,kristenalvarez@example.com,77,Represent Similar,19,Different,4,163.15,652.6,2706.01
40,2023-12-05,59,Jeffrey Garcia,kristenalvarez@example.com,84,Change Offer,2,Deal,1,353.79,353.79,2706.01
41,2025-10-17,77,Barbara Berry,melissaoneal@example.org,283,Two Bar,1,Have,4,218.21,872.84,1709.68
41,2025-10-17,77,Barbara Berry,melissaoneal@example.org,19,Ten Establish,19,Different,4,209.21,836.84,1709.68
42,2024-03-23,99,Johnny Hernandez,bartonchristian@example.net,35,Join Woman,4,Choice,4,29.96,119.84,119.84
43,2024-07-06,146,Jerry Moore,megansmith@example.org,239,Truth Move,12,Who,2,274.02,548.04,5141.64
43,2024-07-06,146,Jerry Moore,megansmith@example.org,176,Federal Pattern,10,President,2,355.92,711.84,5141.64
43,2024-07-06,146,Jerry Moore,megansmith@example.org,232,Feel End,6,Several,4,495.28,1981.12,5141.64
43,2024-07-06,146,Jerry Moore,megansmith@example.org,145,In Benefit,7,Phone,3,355.78,1067.34,5141.64
43,2024-07-06,146,Jerry Moore,megansmith@example.org,36,Camera Prove,11,Young,2,416.65,833.3,5141.64
44,2025-05-06,11,Jennifer Rodriguez,robin21@example.com,263,Onto Require,5,Peace,2,175.85,351.7,351.7
45,2025-05-21,104,Stephen Kelley,vgallagher@example.net,20,Lead Contain,6,Several,2,189.84,379.68,1201.74
45,2025-05-21,104,Stephen Kelley,vgallagher@example.net,239,Truth Move,12,Who,3,274.02,822.06,1201.74
46,2025-06-11,187,Robert Davis,jonathan74@example.org,114,Focus Early,15,Hour,4,152.59,610.36,1682.97
46,2025-06-11,187,Robert Davis,jonathan74@example.org,88,Edge Drug,15,Hour,3,220.79,662.37,1682.97
46,2025-06-11,187,Robert Davis,jonathan74@example.org,143,Too Teach,19,Different,1,250.12,250.12,1682.97
46,2025-06-11,187,Robert Davis,jonathan74@example.org,151,Maybe Community,3,One,4,40.03,160.12,1682.97
47,2024-07-15,25,Mariah Parker,hle@example.com,157,Each Program,11,Young,3,450.37,1351.1100000000001,3459.1
47,2024-07-15,25,Mariah Parker,hle@example.com,129,Water Another,2,Deal,4,303.9,1215.6,3459.1
47,2024-07-15,25,Mariah Parker,hle@example.com,204,Civil Officer,5,Peace,1,404.78,404.78,3459.1
47,2024-07-15,25,Mariah Parker,hle@example.com,173,Water Option,20,Mind,4,96.07,384.28,3459.1
47,2024-07-15,25,Mariah Parker,hle@example.com,185,Congress Party,7,Phone,1,103.33,103.33,3459.1
48,2025-11-03,37,Gregory Johnston,samanthawalker@example.net,287,Would Real,6,Several,3,403.84,1211.52,3623.24
48,2025-11-03,37,Gregory Johnston,samanthawalker@example.net,253,Tell Miss,19,Different,2,292.29,584.58,3623.24
48,2025-11-03,37,Gregory Johnston,samanthawalker@example.net,61,Actually List,6,Several,1,272.62,272.62,3623.24
48,2025-11-03,37,Gregory Johnston,samanthawalker@example.net,203,Establish Yourself,6,Several,4,388.63,1554.52,3623.24
49,2024-05-21,99,Johnny Hernandez,bartonchristian@example.net,142,Him Baby,5,Peace,4,93.26,373.04,875.46
49,2024-05-21,99,Johnny Hernandez,bartonchristian@example.net,202,Professor Effort,4,Choice,1,14.35,14.35,875.46
49,2024-05-21,99,Johnny Hernandez,bartonchristian@example.net,65,Benefit Real,4,Choice,1,488.07,488.07,875.46
50,2025-02-23,125,Emily Peterson,misty86@example.com,53,Certainly Arrive,2,Deal,2,191.27,382.54,382.54
51,2025-05-29,155,Michael Baxter,davidsilva@example.com,132,Wind Glass,18,Strong,2,450.02,900.04,4595.01
51,2025-05-29,155,Michael Baxter,davidsilva@example.com,190,Lawyer Head,1,Have,1,424.43,424.43,4595.01
51,2025-05-29,155,Michael Baxter,davidsilva@example.com,121,Four Eye,20,Mind,3,343.22,1029.66,4595.01
51,2025-05-29,155,Michael Baxter,davidsilva@example.com,260,Important Forward,15,Hour,4,282.09,1128.36,4595.01
51,2025-05-29,155,Michael Baxter,davidsilva@example.com,188,Student Sign,1,Have,4,278.13,1112.52,4595.01
52,2024-02-11,78,Richard Smith,joseph57@example.com,231,Travel Strong,5,Peace,2,84.5,169.0,967.9
52,2024-02-11,78,Richard Smith,joseph57@example.com,206,Seat Town,10,President,1,415.22,415.22,967.9
52,2024-02-11,78,Richard Smith,joseph57@example.com,275,Former Different,9,Wind,4,79.09,316.36,967.9
52,2024-02-11,78,Richard Smith,joseph57@example.com,31,Effect Character,7,Phone,3,22.44,67.32000000000001,967.9
53,2024-10-24,15,Lee Wilson,danielle30@example.net,102,New Recognize,12,Who,4,291.98,1167.92,2502.52
53,2024-10-24,15,Lee Wilson,danielle30@example.net,154,Talk Word,2,Deal,2,228.28,456.56,2502.52
53,2024-10-24,15,Lee Wilson,danielle30@example.net,255,Rate Car,20,Mind,3,292.68,878.04,2502.52
54,2024-01-09,47,Glenn Holmes,debrafoster@example.com,66,Space Practice,7,Phone,2,27.28,54.56,370.92
54,2024-01-09,47,Glenn Holmes,debrafoster@example.com,275,Former Different,9,Wind,4,79.09,316.36,370.92
55,2025-07-19,61,Henry Hogan,johnortiz@example.net,155,Interest Congress,6,Several,4,146.02,584.08,2374.19
55,2025-07-19,61,Henry Hogan,johnortiz@example.net,55,Result Bad,9,Wind,3,397.85,1193.5500000000002,2374.19
55,2025-07-19,61,Henry Hogan,johnortiz@example.net,59,Involve Rule,9,Wind,1,56.05,56.05,2374.19
55,2025-07-19,61,Henry Hogan,johnortiz@example.net,62,Stage Bit,5,Peace,3,180.17,540.51,2374.19
56,2023-11-17,173,Cynthia Berger,hvasquez@example.org,6,Plan Discussion,7,Phone,2,434.61,869.22,1766.5
56,2023-11-17,173,Cynthia Berger,hvasquez@example.org,266,Second With,2,Deal,2,371.78,743.56,1766.5
56,2023-11-17,173,Cynthia Berger,hvasquez@example.org,167,Central Music,17,Support,2,76.86,153.72,1766.5
57,2025-07-01,198,Rebecca Kaufman,amandarivers@example.org,236,Play One,1,Have,4,374.63,1498.52,2183.36
57,2025-07-01,198,Rebecca Kaufman,amandarivers@example.org,154,Talk Word,2,Deal,3,228.28,684.84,2183.36
58,2025-07-02,60,Jacqueline Lopez,jacksongina@example.net,196,Community Bill,9,Wind,4,469.6,1878.4,1878.4
59,2025-06-26,198,Rebecca Kaufman,amandarivers@example.org,249,Fill Show,6,Several,4,378.8,1515.2,3591.64
59,2025-06-26,198,Rebecca Kaufman,amandarivers@example.org,291,Imagine Indeed,18,Strong,1,181.18,181.18,3591.64
59,2025-06-26,198,Rebecca Kaufman,amandarivers@example.org,9,Here But,4,Choice,3,133.91,401.73,3591.64
59,2025-06-26,198,Rebecca Kaufman,amandarivers@example.org,210,Total Everyone,13,Past,3,383.33,1149.99,3591.64
59,2025-06-26,198,Rebecca Kaufman,amandarivers@example.org,238,Figure A,17,Support,2,171.77,343.54,3591.64
60,2024-03-19,51,Edwin Lindsey,nicole50@example.com,56,Hit Clear,4,Choice,4,61.81,247.24,247.24
61,2024-07-14,85,Paige Saunders,reederica@example.com,159,West Wind,4,Choice,2,278.1,556.2,1060.95
61,2024-07-14,85,Paige Saunders,reederica@example.com,174,Tend Music,1,Have,3,136.09,408.27,1060.95
61,2024-07-14,85,Paige Saunders,reederica@example.com,252,Travel Avoid,12,Who,4,24.12,96.48,1060.95
62,2025-01-17,4,Emily Simon,aatkinson@example.net,93,Help Exist,12,Who,3,419.91,1259.73,3642.46
62,2025-01-17,4,Emily Simon,aatkinson@example.net,229,Nothing Develop,4,Choice,3,478.71,1436.1299999999999,3642.46
62,2025-01-17,4,Emily Simon,aatkinson@example.net,185,Congress Party,7,Phone,4,103.33,413.32,3642.46
62,2025-01-17,4,Emily Simon,aatkinson@example.net,164,History Involve,2,Deal,1,338.36,338.36,3642.46
62,2025-01-17,4,Emily Simon,aatkinson@example.net,247,Role Per,19,Different,2,97.46,194.92,3642.46
63,2024-06-25,11,Jennifer Rodriguez,robin21@example.com,86,Up Form,15,Hour,4,7.44,29.76,29.76
64,2025-02-17,150,Jill Reese,floydallison@example.org,289,Fight Assume,10,President,2,337.78,675.56,1150.15
64,2025-02-17,150,Jill Reese,floydallison@example.org,23,Occur Still,15,Hour,1,312.59,312.59,1150.15
64,2025-02-17,150,Jill Reese,floydallison@example.org,14,Thank Question,5,Peace,2,81.0,162.0,1150.15
65,2023-12-11,128,Emily Gordon,urandolph@example.com,212,Energy Usually,12,Who,3,164.83,494.49,4440.45
65,2023-12-11,128,Emily Gordon,urandolph@example.com,283,Two Bar,1,Have,4,218.21,872.84,4440.45
65,2023-12-11,128,Emily Gordon,urandolph@example.com,244,Occur Traditional,7,Phone,4,380.18,1520.72,4440.45
65,2023-12-11,128,Emily Gordon,urandolph@example.com,96,See Want,4,Choice,2,484.16,968.32,4440.45
65,2023-12-11,128,Emily Gordon,urandolph@example.com,155,Interest Congress,6,Several,4,146.02,584.08,4440.45
66,2024-01-14,37,Gregory Johnston,samanthawalker@example.net,267,These Include,7,Phone,3,80.88,242.64,512.21
66,2024-01-14,37,Gregory Johnston,samanthawalker@example.net,280,Response Somebody,18,Strong,1,269.57,269.57,512.21
67,2025-02-02,76,Hailey Allen,lee45@example.net,219,Could Kid,1,Have,2,297.5,595.0,595.0
68,2023-12-07,189,Kyle Berry,andrewshah@example.net,116,Real Successful,4,Choice,4,32.13,128.52,3898.52
68,2023-12-07,189,Kyle Berry,andrewshah@example.net,98,Born Near,7,Phone,4,367.23,1468.92,3898.52
68,2023-12-07,189,Kyle Berry,andrewshah@example.net,231,Travel Strong,5,Peace,4,84.5,338.0,3898.52
68,2023-12-07,189,Kyle Berry,andrewshah@example.net,225,Onto Imagine,15,Hour,4,490.77,1963.08,3898.52
69,2024-04-05,27,Beverly Torres,valenzuelajean@example.org,292,Turn Consumer,1,Have,3,184.28,552.84,2104.78
69,2024-04-05,27,Beverly Torres,valenzuelajean@example.org,147,Direction Big,10,President,3,367.81,1103.43,2104.78
69,2024-04-05,27,Beverly Torres,valenzuelajean@example.org,278,Large Fill,8,Nor,1,448.51,448.51,2104.78
70,2025-02-20,23,Wendy Cook,brittany08@example.org,180,Level Catch,15,Hour,3,204.52,613.5600000000001,1254.61
70,2025-02-20,23,Wendy Cook,brittany08@example.org,70,Student Democrat,20,Mind,1,449.78,449.78,1254.61
70,2025-02-20,23,Wendy Cook,brittany08@example.org,53,Certainly Arrive,2,Deal,1,191.27,191.27,1254.61
71,2023-12-10,52,Emily Mays,angelazimmerman@example.com,120,Girl Radio,1,Have,1,304.51,304.51,304.51
72,2024-03-12,45,Debra Schroeder,laurieclark@example.com,181,Soldier It,19,Different,1,290.32,290.32,932.12
72,2024-03-12,45,Debra Schroeder,laurieclark@example.com,95,Song Color,11,Young,2,320.9,641.8,932.12
73,2025-01-21,14,Dr. Stephanie Cannon,pcraig@example.org,37,Indicate Value,13,Past,3,296.88,890.64,4422.44
73,2025-01-21,14,Dr. Stephanie Cannon,pcraig@example.org,75,Air Ability,2,Deal,2,463.55,927.1,4422.44
73,2025-01-21,14,Dr. Stephanie Cannon,pcraig@example.org,45,Keep Response,8,Nor,2,297.97,595.94,4422.44
73,2025-01-21,14,Dr. Stephanie Cannon,pcraig@example.org,135,Establish Heavy,16,The,4,342.38,1369.52,4422.44
73,2025-01-21,14,Dr. Stephanie Cannon,pcraig@example.org,215,Hold Ago,1,Have,2,319.62,639.24,4422.44
74,2025-07-17,163,Lindsay Crawford,antoniocoleman@example.com,124,Six Series,5,Peace,3,129.47,388.40999999999997,821.86
74,2025-07-17,163,Lindsay Crawford,antoniocoleman@example.com,82,Protect Want,2,Deal,1,433.45,433.45,821.86
75,2025-06-06,159,Abigail Stevens,heatherquinn@example.net,273,Condition According,16,The,4,12.43,49.72,3314.96
75,2025-06-06,159,Abigail Stevens,heatherquinn@example.net,212,Energy Usually,12,Who,4,164.83,659.32,3314.96
75,2025-06-06,159,Abigail Stevens,heatherquinn@example.net,232,Feel End,6,Several,2,495.28,990.56,3314.96
75,2025-06-06,159,Abigail Stevens,heatherquinn@example.net,287,Would Real,6,Several,4,403.84,1615.36,3314.96
76,2024-03-03,83,Alexis Everett,grichards@example.com,95,Song Color,11,Young,2,320.9,641.8,1524.63
76,2024-03-03,83,Alexis Everett,grichards@example.com,1,Focus Issue,7,Phone,1,350.69,350.69,1524.63
76,2024-03-03,83,Alexis Everett,grichards@example.com,264,Woman Mission,20,Mind,3,177.38,532.14,1524.63
77,2025-07-08,17,David Clark,bhouse@example.com,175,General Those,15,Hour,3,483.49,1450.47,1450.47
78,2025-07-29,160,Zachary Mclaughlin,boonejamie@example.com,61,Actually List,6,Several,1,272.62,272.62,4918.74
78,2025-07-29,160,Zachary Mclaughlin,boonejamie@example.com,277,Oil Stay,10,President,1,146.65,146.65,4918.74
78,2025-07-29,160,Zachary Mclaughlin,boonejamie@example.com,82,Protect Want,2,Deal,4,433.45,1733.8,4918.74
78,2025-07-29,160,Zachary Mclaughlin,boonejamie@example.com,119,South Act,15,Hour,4,384.12,1536.48,4918.74
78,2025-07-29,160,Zachary Mclaughlin,boonejamie@example.com,250,Your Physical,7,Phone,3,409.73,1229.19,4918.74
79,2025-03-09,85,Paige Saunders,reederica@example.com,179,Past Parent,11,Young,4,463.55,1854.2,5548.44
79,2025-03-09,85,Paige Saunders,reederica@example.com,148,Hot South,3,One,4,295.93,1183.72,5548.44
79,2025-03-09,85,Paige Saunders,reederica@example.com,112,Professional Defense,16,The,2,483.26,966.52,5548.44
79,2025-03-09,85,Paige Saunders,reederica@example.com,33,Local Population,10,President,4,386.0,1544.0,5548.44
80,2024-08-15,91,Jose Frazier,greghale@example.net,62,Stage Bit,5,Peace,2,180.17,360.34,3119.98
80,2024-08-15,91,Jose Frazier,greghale@example.net,70,Student Democrat,20,Mind,1,449.78,449.78,3119.98
80,2024-08-15,91,Jose Frazier,greghale@example.net,52,Call Affect,18,Strong,2,497.65,995.3,3119.98
80,2024-08-15,91,Jose Frazier,greghale@example.net,295,Yard Conference,6,Several,4,328.64,1314.56,3119.98
81,2024-04-27,92,James Hill,jasminewright@example.com,223,President Them,5,Peace,3,112.6,337.79999999999995,337.8
82,2024-10-11,37,Gregory Johnston,samanthawalker@example.net,26,Guy Itself,12,Who,2,441.62,883.24,2780.31
82,2024-10-11,37,Gregory Johnston,samanthawalker@example.net,75,Air Ability,2,Deal,3,463.55,1390.65,2780.31
82,2024-10-11,37,Gregory Johnston,samanthawalker@example.net,42,Tv Enter,4,Choice,1,442.16,442.16,2780.31
82,2024-10-11,37,Gregory Johnston,samanthawalker@example.net,116,Real Successful,4,Choice,2,32.13,64.26,2780.31
83,2024-10-08,160,Zachary Mclaughlin,boonejamie@example.com,149,Around Away,14,Break,3,344.17,1032.51,2495.78
83,2024-10-08,160,Zachary Mclaughlin,boonejamie@example.com,172,Join Listen,5,Peace,1,212.91,212.91,2495.78
83,2024-10-08,160,Zachary Mclaughlin,boonejamie@example.com,23,Occur Still,15,Hour,4,312.59,1250.36,2495.78
84,2024-04-02,160,Zachary Mclaughlin,boonejamie@example.com,256,Tell Behavior,14,Break,1,197.05,197.05,2235.41
84,2024-04-02,160,Zachary Mclaughlin,boonejamie@example.com,120,Girl Radio,1,Have,3,304.51,913.53,2235.41
84,2024-04-02,160,Zachary Mclaughlin,boonejamie@example.com,183,Design Our,7,Phone,1,484.99,484.99,2235.41
84,2024-04-02,160,Zachary Mclaughlin,boonejamie@example.com,156,Keep Wall,18,Strong,4,159.96,639.84,2235.41
85,2024-03-12,143,Darren Leon,matthew89@example.com,294,Whether Value,1,Have,2,455.57,911.14,3934.97
85,2024-03-12,143,Darren Leon,matthew89@example.com,58,Green Information,16,The,2,479.63,959.26,3934.97
85,2024-03-12,143,Darren Leon,matthew89@example.com,157,Each Program,11,Young,1,450.37,450.37,3934.97
85,2024-03-12,143,Darren Leon,matthew89@example.com,176,Federal Pattern,10,President,4,355.92,1423.68,3934.97
85,2024-03-12,143,Darren Leon,matthew89@example.com,205,Month Interesting,9,Wind,4,47.63,190.52,3934.97
86,2024-11-03,51,Edwin Lindsey,nicole50@example.com,272,Detail Occur,16,The,1,194.42,194.42,3453.19
86,2024-11-03,51,Edwin Lindsey,nicole50@example.com,105,One Itself,4,Choice,4,306.35,1225.4,3453.19
86,2024-11-03,51,Edwin Lindsey,nicole50@example.com,44,Remember That,2,Deal,3,60.36,181.07999999999998,3453.19
86,2024-11-03,51,Edwin Lindsey,nicole50@example.com,286,During Challenge,18,Strong,3,241.31,723.9300000000001,3453.19
86,2024-11-03,51,Edwin Lindsey,nicole50@example.com,260,Important Forward,15,Hour,4,282.09,1128.36,3453.19
87,2025-04-08,199,Eric Buchanan,timothy26@example.org,25,Employee Pay,3,One,1,254.43,254.43,308.99
87,2025-04-08,199,Eric Buchanan,timothy26@example.org,66,Space Practice,7,Phone,2,27.28,54.56,308.99
88,2024-01-12,31,Angela Blair,scottmarcus@example.org,159,West Wind,4,Choice,4,278.1,1112.4,1112.4
89,2025-08-24,57,Kelly Wilson,jenniferponce@example.com,181,Soldier It,19,Different,2,290.32,580.64,1838.51
89,2025-08-24,57,Kelly Wilson,jenniferponce@example.com,236,Play One,1,Have,1,374.63,374.63,1838.51
89,2025-08-24,57,Kelly Wilson,jenniferponce@example.com,26,Guy Itself,12,Who,2,441.62,883.24,1838.51
90,2025-11-02,86,Scott Jones,lbriggs@example.net,234,Capital Make,18,Strong,1,18.32,18.32,801.46
90,2025-11-02,86,Scott Jones,lbriggs@example.net,266,Second With,2,Deal,1,371.78,371.78,801.46
90,2025-11-02,86,Scott Jones,lbriggs@example.net,13,Approach Politics,9,Wind,4,102.84,411.36,801.46
91,2024-11-21,183,Robert Roberts,tracy18@example.com,246,Plant Small,11,Young,3,307.59,922.77,922.77
92,2023-12-30,17,David Clark,bhouse@example.com,155,Interest Congress,6,Several,4,146.02,584.08,2020.21
92,2023-12-30,17,David Clark,bhouse@example.com,229,Nothing Develop,4,Choice,3,478.71,1436.1299999999999,2020.21
93,2024-11-28,139,Jamie Steele,moorejackson@example.net,169,Wrong Stop,7,Phone,1,442.09,442.09,2911.53
93,2024-11-28,139,Jamie Steele,moorejackson@example.net,107,Bar Also,6,Several,3,345.6,1036.8000000000002,2911.53
93,2024-11-28,139,Jamie Steele,moorejackson@example.net,156,Keep Wall,18,Strong,4,159.96,639.84,2911.53
93,2024-11-28,139,Jamie Steele,moorejackson@example.net,267,These Include,7,Phone,1,80.88,80.88,2911.53
93,2024-11-28,139,Jamie Steele,moorejackson@example.net,198,Event Evening,16,The,4,177.98,711.92,2911.53
94,2024-08-27,155,Michael Baxter,davidsilva@example.com,162,Song Believe,18,Strong,4,195.38,781.52,781.52
95,2024-09-24,115,Amy James,kelseybush@example.com,137,Arm Base,6,Several,2,232.08,464.16,464.16
96,2025-09-29,137,Christopher Alexander,msanchez@example.org,103,Hospital Be,1,Have,3,22.44,67.32000000000001,67.32
97,2024-01-03,42,Regina Thomas,ncurry@example.net,285,Increase Behind,11,Young,1,71.22,71.22,71.22
98,2024-11-14,133,Brittany Preston,egilbert@example.com,254,Cultural Responsibility,15,Hour,2,232.7,465.4,465.4
99,2025-02-16,68,Nicholas Burgess,allenkenneth@example.com,240,Over Bank,12,Who,3,239.35,718.05,1339.45
99,2025-02-16,68,Nicholas Burgess,allenkenneth@example.com,22,Leave Leader,14,Break,4,155.35,621.4,1339.45
100,2025-10-15,84,Brandy Bishop,cruzterri@example.net,62,Stage Bit,5,Peace,3,180.17,540.51,1207.11
100,2025-10-15,84,Brandy Bishop,cruzterri@example.net,60,Discover Business,10,President,4,166.65,666.6,1207.11
101,2025-04-21,199,Eric Buchanan,timothy26@example.org,226,Fast Still,13,Past,3,437.72,1313.16,3315.61
101,2025-04-21,199,Eric Buchanan,timothy26@example.org,66,Space Practice,7,Phone,3,27.28,81.84,3315.61
101,2025-04-21,199,Eric Buchanan,timothy26@example.org,65,Benefit Real,4,Choice,3,488.07,1464.21,3315.61
101,2025-04-21,199,Eric Buchanan,timothy26@example.org,227,West Star,11,Young,1,456.4,456.4,3315.61
102,2025-07-16,56,Shawn Wilson,brandonsanchez@example.com,218,Top School,7,Phone,4,26.83,107.32,3531.6
102,2025-07-16,56,Shawn Wilson,brandonsanchez@example.com,35,Join Woman,4,Choice,3,29.96,89.88,3531.6
102,2025-07-16,56,Shawn Wilson,brandonsanchez@example.com,295,Yard Conference,6,Several,4,328.64,1314.56,3531.6
102,2025-07-16,56,Shawn Wilson,brandonsanchez@example.com,149,Around Away,14,Break,3,344.17,1032.51,3531.6
102,2025-07-16,56,Shawn Wilson,brandonsanchez@example.com,171,Foot Arm,9,Wind,3,329.11,987.33,3531.6
103,2025-09-30,110,Holly Mathis,andersonaustin@example.org,159,West Wind,4,Choice,4,278.1,1112.4,2198.9
103,2025-09-30,110,Holly Mathis,andersonaustin@example.org,68,Church Huge,5,Peace,2,135.82,271.64,2198.9
103,2025-09-30,110,Holly Mathis,andersonaustin@example.org,57,Leg Difficult,15,Hour,2,407.43,814.86,2198.9
104,2024-01-16,140,Mark Martinez,juliemyers@example.net,220,Happen Per,8,Nor,2,250.71,501.42,2067.72
104,2024-01-16,140,Mark Martinez,juliemyers@example.net,41,Traditional Image,1,Have,2,254.19,508.38,2067.72
104,2024-01-16,140,Mark Martinez,juliemyers@example.net,297,Until Few,8,Nor,3,291.97,875.9100000000001,2067.72
104,2024-01-16,140,Mark Martinez,juliemyers@example.net,38,Girl Pattern,3,One,1,182.01,182.01,2067.72
105,2024-03-17,182,Raymond Taylor,williemorris@example.com,44,Remember That,2,Deal,1,60.36,60.36,324.67
105,2024-03-17,182,Raymond Taylor,williemorris@example.com,138,Probably Officer,1,Have,1,264.31,264.31,324.67
106,2025-03-07,193,Anthony Bean,mgilmore@example.org,133,Paper Cup,20,Mind,4,162.89,651.56,1851.8
106,2025-03-07,193,Anthony Bean,mgilmore@example.org,183,Design Our,7,Phone,2,484.99,969.98,1851.8
106,2025-03-07,193,Anthony Bean,mgilmore@example.org,192,Art Understand,15,Hour,2,115.13,230.26,1851.8
107,2024-04-20,170,Howard Munoz,smithdaniel@example.net,51,Attention Local,7,Phone,1,27.74,27.74,58.25
107,2024-04-20,170,Howard Munoz,smithdaniel@example.net,108,Themselves Last,10,President,3,10.17,30.509999999999998,58.25
108,2025-07-09,138,Jessica Miller,sheilabrown@example.com,48,Drug Scientist,16,The,4,31.37,125.48,1409.25
108,2025-07-09,138,Jessica Miller,sheilabrown@example.com,276,Indeed Day,14,Break,2,82.3,164.6,1409.25
108,2025-07-09,138,Jessica Miller,sheilabrown@example.com,22,Leave Leader,14,Break,1,155.35,155.35,1409.25
108,2025-07-09,138,Jessica Miller,sheilabrown@example.com,116,Real Successful,4,Choice,2,32.13,64.26,1409.25
108,2025-07-09,138,Jessica Miller,sheilabrown@example.com,70,Student Democrat,20,Mind,2,449.78,899.56,1409.25
109,2025-04-06,85,Paige Saunders,reederica@example.com,99,Culture Big,6,Several,4,67.3,269.2,3360.5
109,2025-04-06,85,Paige Saunders,reederica@example.com,248,Marriage Expect,15,Hour,4,325.9,1303.6,3360.5
109,2025-04-06,85,Paige Saunders,reederica@example.com,90,Carry My,18,Strong,3,463.35,1390.0500000000002,3360.5
109,2025-04-06,85,Paige Saunders,reederica@example.com,290,Likely Concern,13,Past,3,132.55,397.65000000000003,3360.5
110,2023-11-20,72,Cody Davis,elizabeth77@example.net,258,Daughter Return,11,Young,2,276.12,552.24,2832.3
110,2023-11-20,72,Cody Davis,elizabeth77@example.net,125,General Respond,4,Choice,3,259.56,778.6800000000001,2832.3
110,2023-11-20,72,Cody Davis,elizabeth77@example.net,222,Stand Which,11,Young,4,154.3,617.2,2832.3
110,2023-11-20,72,Cody Davis,elizabeth77@example.net,169,Wrong Stop,7,Phone,2,442.09,884.18,2832.3
111,2025-07-23,72,Cody Davis,elizabeth77@example.net,62,Stage Bit,5,Peace,4,180.17,720.68,1380.0
111,2025-07-23,72,Cody Davis,elizabeth77@example.net,212,Energy Usually,12,Who,4,164.83,659.32,1380.0
112,2024-11-11,55,Heidi Smith,ugilmore@example.com,50,Scientist Show,13,Past,2,310.72,621.44,836.95
112,2024-11-11,55,Heidi Smith,ugilmore@example.com,194,Guy Director,8,Nor,1,215.51,215.51,836.95
113,2024-04-20,3,Ruben Perez MD,ejohnson@example.org,107,Bar Also,6,Several,4,345.6,1382.4,1382.4
114,2025-11-04,186,Mark Leonard,thomas23@example.net,207,Skin Fly,17,Support,2,341.2,682.4,1912.23
114,2025-11-04,186,Mark Leonard,thomas23@example.net,131,Of Audience,15,Hour,3,309.69,929.0699999999999,1912.23
114,2025-11-04,186,Mark Leonard,thomas23@example.net,108,Themselves Last,10,President,1,10.17,10.17,1912.23
114,2025-11-04,186,Mark Leonard,thomas23@example.net,186,Sort Animal,8,Nor,1,290.59,290.59,1912.23
115,2025-02-08,145,Kimberly Wallace,ayersalicia@example.org,68,Church Huge,5,Peace,2,135.82,271.64,271.64
116,2024-09-18,125,Emily Peterson,misty86@example.com,57,Leg Difficult,15,Hour,2,407.43,814.86,814.86
117,2024-06-25,45,Debra Schroeder,laurieclark@example.com,7,Because Night,2,Deal,1,7.29,7.29,1719.21
117,2024-06-25,45,Debra Schroeder,laurieclark@example.com,35,Join Woman,4,Choice,4,29.96,119.84,1719.21
117,2024-06-25,45,Debra Schroeder,laurieclark@example.com,123,Their Different,13,Past,4,194.47,777.88,1719.21
117,2024-06-25,45,Debra Schroeder,laurieclark@example.com,110,Move Network,17,Support,4,203.55,814.2,1719.21
118,2025-05-19,126,Patricia Pugh,craigjohnson@example.org,120,Girl Radio,1,Have,1,304.51,304.51,304.51
119,2024-11-25,11,Jennifer Rodriguez,robin21@example.com,174,Tend Music,1,Have,4,136.09,544.36,3537.37
119,2024-11-25,11,Jennifer Rodriguez,robin21@example.com,90,Carry My,18,Strong,2,463.35,926.7,3537.37
119,2024-11-25,11,Jennifer Rodriguez,robin21@example.com,16,Hold Past,5,Peace,2,305.67,611.34,3537.37
119,2024-11-25,11,Jennifer Rodriguez,robin21@example.com,183,Design Our,7,Phone,3,484.99,1454.97,3537.37
120,2024-01-28,65,Dylan Walker,edward17@example.com,50,Scientist Show,13,Past,3,310.72,932.1600000000001,3024.41
120,2024-01-28,65,Dylan Walker,edward17@example.com,123,Their Different,13,Past,4,194.47,777.88,3024.41
120,2024-01-28,65,Dylan Walker,edward17@example.com,246,Plant Small,11,Young,1,307.59,307.59,3024.41
120,2024-01-28,65,Dylan Walker,edward17@example.com,185,Congress Party,7,Phone,4,103.33,413.32,3024.41
120,2024-01-28,65,Dylan Walker,edward17@example.com,300,Difference Discover,15,Hour,2,296.73,593.46,3024.41
121,2025-10-04,118,Matthew Rodriguez,ksanchez@example.com,253,Tell Miss,19,Different,4,292.29,1169.16,2395.8
121,2025-10-04,118,Matthew Rodriguez,ksanchez@example.com,283,Two Bar,1,Have,2,218.21,436.42,2395.8
121,2025-10-04,118,Matthew Rodriguez,ksanchez@example.com,188,Student Sign,1,Have,2,278.13,556.26,2395.8
121,2025-10-04,118,Matthew Rodriguez,ksanchez@example.com,216,Oil Change,6,Several,3,17.93,53.79,2395.8
121,2025-10-04,118,Matthew Rodriguez,ksanchez@example.com,62,Stage Bit,5,Peace,1,180.17,180.17,2395.8
122,2025-06-10,60,Jacqueline Lopez,jacksongina@example.net,143,Too Teach,19,Different,1,250.12,250.12,2524.78
122,2025-06-10,60,Jacqueline Lopez,jacksongina@example.net,141,Since Lot,1,Have,3,345.3,1035.9,2524.78
122,2025-06-10,60,Jacqueline Lopez,jacksongina@example.net,131,Of Audience,15,Hour,4,309.69,1238.76,2524.78
123,2025-02-11,139,Jamie Steele,moorejackson@example.net,93,Help Exist,12,Who,2,419.91,839.82,2023.54
123,2025-02-11,139,Jamie Steele,moorejackson@example.net,148,Hot South,3,One,4,295.93,1183.72,2023.54
124,2025-01-14,39,Taylor Ramirez,amy11@example.com,217,Receive Them,14,Break,2,267.58,535.16,917.66
124,2025-01-14,39,Taylor Ramirez,amy11@example.com,115,Prove Make,10,President,3,43.36,130.07999999999998,917.66
124,2025-01-14,39,Taylor Ramirez,amy11@example.com,71,Party Example,10,President,3,84.14,252.42000000000002,917.66
125,2023-12-09,155,Michael Baxter,davidsilva@example.com,223,President Them,5,Peace,4,112.6,450.4,2288.76
125,2023-12-09,155,Michael Baxter,davidsilva@example.com,101,Guess Expert,11,Young,4,141.6,566.4,2288.76
125,2023-12-09,155,Michael Baxter,davidsilva@example.com,89,Member Four,15,Hour,4,317.99,1271.96,2288.76
126,2024-07-18,182,Raymond Taylor,williemorris@example.com,235,Ago Tend,7,Phone,2,497.94,995.88,2330.34
126,2024-07-18,182,Raymond Taylor,williemorris@example.com,137,Arm Base,6,Several,1,232.08,232.08,2330.34
126,2024-07-18,182,Raymond Taylor,williemorris@example.com,196,Community Bill,9,Wind,1,469.6,469.6,2330.34
126,2024-07-18,182,Raymond Taylor,williemorris@example.com,260,Important Forward,15,Hour,1,282.09,282.09,2330.34
126,2024-07-18,182,Raymond Taylor,williemorris@example.com,1,Focus Issue,7,Phone,1,350.69,350.69,2330.34
127,2024-04-03,1,Dana Williams,valenciahenry@example.net,276,Indeed Day,14,Break,1,82.3,82.3,912.74
127,2024-04-03,1,Dana Williams,valenciahenry@example.net,206,Seat Town,10,President,2,415.22,830.44,912.74
128,2024-06-29,43,Susan Morrison,jessica14@example.com,52,Call Affect,18,Strong,2,497.65,995.3,995.3
129,2025-11-12,56,Shawn Wilson,brandonsanchez@example.com,209,Day Picture,18,Strong,3,209.9,629.7,1406.96
129,2025-11-12,56,Shawn Wilson,brandonsanchez@example.com,203,Establish Yourself,6,Several,2,388.63,777.26,1406.96
130,2023-12-27,65,Dylan Walker,edward17@example.com,47,Recently Anyone,9,Wind,1,142.72,142.72,737.72
130,2023-12-27,65,Dylan Walker,edward17@example.com,219,Could Kid,1,Have,2,297.5,595.0,737.72
131,2025-11-04,102,Kelly Hester,mcbrideshannon@example.net,107,Bar Also,6,Several,1,345.6,345.6,345.6
132,2024-07-07,94,Susan Bush,parkeranne@example.net,157,Each Program,11,Young,4,450.37,1801.48,3519.3
132,2024-07-07,94,Susan Bush,parkeranne@example.net,153,Identify Answer,19,Different,1,476.91,476.91,3519.3
132,2024-07-07,94,Susan Bush,parkeranne@example.net,240,Over Bank,12,Who,1,239.35,239.35,3519.3
132,2024-07-07,94,Susan Bush,parkeranne@example.net,264,Woman Mission,20,Mind,4,177.38,709.52,3519.3
132,2024-07-07,94,Susan Bush,parkeranne@example.net,155,Interest Congress,6,Several,2,146.02,292.04,3519.3
133,2023-12-31,7,Anthony Davis,lynnmichael@example.com,289,Fight Assume,10,President,3,337.78,1013.3399999999999,1013.34
134,2025-09-15,96,Robert White,rebeccapatel@example.com,18,Food Responsibility,2,Deal,2,112.07,224.14,224.14
135,2025-05-31,38,Andrew Martin,ericwilson@example.com,7,Because Night,2,Deal,1,7.29,7.29,7.29
136,2024-06-11,174,Hannah Newman,mark56@example.com,172,Join Listen,5,Peace,2,212.91,425.82,2309.68
136,2024-06-11,174,Hannah Newman,mark56@example.com,2,May Mouth,15,Hour,3,446.5,1339.5,2309.68
136,2024-06-11,174,Hannah Newman,mark56@example.com,174,Tend Music,1,Have,4,136.09,544.36,2309.68
137,2024-01-10,96,Robert White,rebeccapatel@example.com,115,Prove Make,10,President,1,43.36,43.36,872.34
137,2024-01-10,96,Robert White,rebeccapatel@example.com,168,Ever Three,7,Phone,2,108.82,217.64,872.34
137,2024-01-10,96,Robert White,rebeccapatel@example.com,16,Hold Past,5,Peace,2,305.67,611.34,872.34
138,2024-03-03,8,Samantha Benjamin,dustingray@example.com,284,Money Employee,4,Choice,3,355.86,1067.58,1067.58
139,2024-11-05,67,Jeffrey Anderson,henrymelissa@example.com,74,Full Camera,18,Strong,4,91.44,365.76,365.76
140,2023-12-11,93,Hannah Graham,cpeters@example.com,235,Ago Tend,7,Phone,4,497.94,1991.76,5224.56
140,2023-12-11,93,Hannah Graham,cpeters@example.com,210,Total Everyone,13,Past,2,383.33,766.66,5224.56
140,2023-12-11,93,Hannah Graham,cpeters@example.com,117,Generation Dinner,17,Support,4,52.76,211.04,5224.56
140,2023-12-11,93,Hannah Graham,cpeters@example.com,91,Space Author,11,Young,4,477.97,1911.88,5224.56
140,2023-12-11,93,Hannah Graham,cpeters@example.com,121,Four Eye,20,Mind,1,343.22,343.22,5224.56
141,2025-05-02,82,Samantha Kennedy,batessean@example.org,281,President Scientist,13,Past,4,258.78,1035.12,2899.41
141,2025-05-02,82,Samantha Kennedy,batessean@example.org,147,Direction Big,10,President,1,367.81,367.81,2899.41
141,2025-05-02,82,Samantha Kennedy,batessean@example.org,182,Anyone Rich,16,The,4,327.71,1310.84,2899.41
141,2025-05-02,82,Samantha Kennedy,batessean@example.org,270,Hair Card,8,Nor,1,185.64,185.64,2899.41
142,2025-10-15,141,Nathaniel Pierce,kinggeorge@example.com,256,Tell Behavior,14,Break,1,197.05,197.05,1227.61
142,2025-10-15,141,Nathaniel Pierce,kinggeorge@example.com,252,Travel Avoid,12,Who,1,24.12,24.12,1227.61
142,2025-10-15,141,Nathaniel Pierce,kinggeorge@example.com,234,Capital Make,18,Strong,3,18.32,54.96,1227.61
142,2025-10-15,141,Nathaniel Pierce,kinggeorge@example.com,224,Either Itself,19,Different,3,317.16,951.48,1227.61
143,2025-05-03,110,Holly Mathis,andersonaustin@example.org,267,These Include,7,Phone,4,80.88,323.52,1357.67
143,2025-05-03,110,Holly Mathis,andersonaustin@example.org,299,Feel Meeting,12,Who,4,140.12,560.48,1357.67
143,2025-05-03,110,Holly Mathis,andersonaustin@example.org,12,Often Law,13,Past,1,226.43,226.43,1357.67
143,2025-05-03,110,Holly Mathis,andersonaustin@example.org,56,Hit Clear,4,Choice,4,61.81,247.24,1357.67
144,2024-07-08,180,Michelle Davis,morganjared@example.com,132,Wind Glass,18,Strong,1,450.02,450.02,2341.18
144,2024-07-08,180,Michelle Davis,morganjared@example.com,21,Work Soldier,15,Hour,4,472.79,1891.16,2341.18
145,2024-04-09,76,Hailey Allen,lee45@example.net,58,Green Information,16,The,4,479.63,1918.52,3699.81
145,2024-04-09,76,Hailey Allen,lee45@example.net,60,Discover Business,10,President,3,166.65,499.95000000000005,3699.81
145,2024-04-09,76,Hailey Allen,lee45@example.net,48,Drug Scientist,16,The,4,31.37,125.48,3699.81
145,2024-04-09,76,Hailey Allen,lee45@example.net,153,Identify Answer,19,Different,2,476.91,953.82,3699.81
145,2024-04-09,76,Hailey Allen,lee45@example.net,213,Sort Half,18,Strong,4,50.51,202.04,3699.81
146,2025-08-31,89,Brett Mitchell,aramirez@example.com,215,Hold Ago,1,Have,1,319.62,319.62,3031.75
146,2025-08-31,89,Brett Mitchell,aramirez@example.com,233,Real It,9,Wind,3,188.06,564.1800000000001,3031.75
146,2025-08-31,89,Brett Mitchell,aramirez@example.com,263,Onto Require,5,Peace,3,175.85,527.55,3031.75
146,2025-08-31,89,Brett Mitchell,aramirez@example.com,1,Focus Issue,7,Phone,4,350.69,1402.76,3031.75
146,2025-08-31,89,Brett Mitchell,aramirez@example.com,168,Ever Three,7,Phone,2,108.82,217.64,3031.75
147,2025-06-23,40,Amber Anderson,singhrobert@example.net,103,Hospital Be,1,Have,2,22.44,44.88,621.22
147,2025-06-23,40,Amber Anderson,singhrobert@example.net,237,Wait Five,1,Have,2,288.17,576.34,621.22
148,2025-01-06,104,Stephen Kelley,vgallagher@example.net,2,May Mouth,15,Hour,1,446.5,446.5,1811.76
148,2025-01-06,104,Stephen Kelley,vgallagher@example.net,293,Sell Else,4,Choice,2,352.97,705.94,1811.76
148,2025-01-06,104,Stephen Kelley,vgallagher@example.net,212,Energy Usually,12,Who,4,164.83,659.32,1811.76
149,2024-06-24,39,Taylor Ramirez,amy11@example.com,94,Firm No,15,Hour,2,180.73,361.46,558.51
149,2024-06-24,39,Taylor Ramirez,amy11@example.com,256,Tell Behavior,14,Break,1,197.05,197.05,558.51
150,2025-10-04,120,Mr. Tyler Norton,lloydmonica@example.com,232,Feel End,6,Several,3,495.28,1485.84,3662.44
150,2025-10-04,120,Mr. Tyler Norton,lloydmonica@example.com,284,Money Employee,4,Choice,3,355.86,1067.58,3662.44
150,2025-10-04,120,Mr. Tyler Norton,lloydmonica@example.com,93,Help Exist,12,Who,2,419.91,839.82,3662.44
150,2025-10-04,120,Mr. Tyler Norton,lloydmonica@example.com,99,Culture Big,6,Several,4,67.3,269.2,3662.44
151,2025-07-13,19,Harry Bruce,phall@example.com,245,As Figure,9,Wind,1,353.67,353.67,353.67
152,2025-08-26,48,Michelle Fleming,walterharris@example.org,98,Born Near,7,Phone,1,367.23,367.23,1094.45
152,2025-08-26,48,Michelle Fleming,walterharris@example.org,21,Work Soldier,15,Hour,1,472.79,472.79,1094.45
152,2025-08-26,48,Michelle Fleming,walterharris@example.org,25,Employee Pay,3,One,1,254.43,254.43,1094.45
153,2024-07-15,168,Karen Christensen,vazquezjeremy@example.org,154,Talk Word,2,Deal,4,228.28,913.12,3036.62
153,2024-07-15,168,Karen Christensen,vazquezjeremy@example.org,272,Detail Occur,16,The,1,194.42,194.42,3036.62
153,2024-07-15,168,Karen Christensen,vazquezjeremy@example.org,159,West Wind,4,Choice,2,278.1,556.2,3036.62
153,2024-07-15,168,Karen Christensen,vazquezjeremy@example.org,121,Four Eye,20,Mind,4,343.22,1372.88,3036.62
154,2024-05-03,47,Glenn Holmes,debrafoster@example.com,203,Establish Yourself,6,Several,1,388.63,388.63,826.69
154,2024-05-03,47,Glenn Holmes,debrafoster@example.com,155,Interest Congress,6,Several,3,146.02,438.06000000000006,826.69
155,2025-07-27,136,Teresa Baker,amoore@example.com,19,Ten Establish,19,Different,2,209.21,418.42,703.86
155,2025-07-27,136,Teresa Baker,amoore@example.com,47,Recently Anyone,9,Wind,2,142.72,285.44,703.86
156,2025-09-02,107,Allen Lang,bjordan@example.net,3,Cause Near,7,Phone,3,166.58,499.74,499.74
157,2024-10-30,109,Rodney Anderson,garciarussell@example.net,294,Whether Value,1,Have,1,455.57,455.57,608.16
157,2024-10-30,109,Rodney Anderson,garciarussell@example.net,114,Focus Early,15,Hour,1,152.59,152.59,608.16
158,2025-04-27,69,Ronnie Welch,turnermichelle@example.com,139,Law Near,18,Strong,2,487.38,974.76,2468.58
158,2025-04-27,69,Ronnie Welch,turnermichelle@example.com,235,Ago Tend,7,Phone,3,497.94,1493.82,2468.58
159,2024-07-31,90,Lisa Shepherd,holmesjustin@example.net,200,Available Both,14,Break,4,385.53,1542.12,5177.98
159,2024-07-31,90,Lisa Shepherd,holmesjustin@example.net,259,Along Feel,2,Deal,3,479.77,1439.31,5177.98
159,2024-07-31,90,Lisa Shepherd,holmesjustin@example.net,287,Would Real,6,Several,3,403.84,1211.52,5177.98
159,2024-07-31,90,Lisa Shepherd,holmesjustin@example.net,104,Really Rich,7,Phone,1,449.39,449.39,5177.98
159,2024-07-31,90,Lisa Shepherd,holmesjustin@example.net,9,Here But,4,Choice,4,133.91,535.64,5177.98
160,2025-08-24,192,Melissa Obrien,sherry24@example.net,115,Prove Make,10,President,1,43.36,43.36,2331.32
160,2025-08-24,192,Melissa Obrien,sherry24@example.net,184,See Fund,5,Peace,4,205.93,823.72,2331.32
160,2025-08-24,192,Melissa Obrien,sherry24@example.net,296,Memory Find,2,Deal,4,184.05,736.2,2331.32
160,2025-08-24,192,Melissa Obrien,sherry24@example.net,38,Girl Pattern,3,One,4,182.01,728.04,2331.32
161,2024-07-08,176,Perry Thompson,amanda32@example.com,135,Establish Heavy,16,The,1,342.38,342.38,928.98
161,2024-07-08,176,Perry Thompson,amanda32@example.com,277,Oil Stay,10,President,4,146.65,586.6,928.98
162,2024-04-20,186,Mark Leonard,thomas23@example.net,41,Traditional Image,1,Have,3,254.19,762.5699999999999,2357.45
162,2024-04-20,186,Mark Leonard,thomas23@example.net,274,Stay Go,20,Mind,4,398.72,1594.88,2357.45
163,2024-01-27,17,David Clark,bhouse@example.com,196,Community Bill,9,Wind,4,469.6,1878.4,4563.38
163,2024-01-27,17,David Clark,bhouse@example.com,133,Paper Cup,20,Mind,2,162.89,325.78,4563.38
163,2024-01-27,17,David Clark,bhouse@example.com,15,Fact Few,8,Nor,3,329.57,988.71,4563.38
163,2024-01-27,17,David Clark,bhouse@example.com,187,Morning Notice,10,President,3,456.83,1370.49,4563.38
164,2025-04-05,96,Robert White,rebeccapatel@example.com,159,West Wind,4,Choice,4,278.1,1112.4,3880.03
164,2025-04-05,96,Robert White,rebeccapatel@example.com,207,Skin Fly,17,Support,4,341.2,1364.8,3880.03
164,2025-04-05,96,Robert White,rebeccapatel@example.com,32,Teacher Commercial,6,Several,3,316.23,948.69,3880.03
164,2025-04-05,96,Robert White,rebeccapatel@example.com,221,Suffer City,20,Mind,2,227.07,454.14,3880.03
165,2024-04-29,93,Hannah Graham,cpeters@example.com,14,Thank Question,5,Peace,4,81.0,324.0,2225.22
165,2024-04-29,93,Hannah Graham,cpeters@example.com,52,Call Affect,18,Strong,3,497.65,1492.9499999999998,2225.22
165,2024-04-29,93,Hannah Graham,cpeters@example.com,174,Tend Music,1,Have,3,136.09,408.27,2225.22
166,2023-12-11,127,Robert Smith,scottwhite@example.org,183,Design Our,7,Phone,3,484.99,1454.97,4691.78
166,2023-12-11,127,Robert Smith,scottwhite@example.org,169,Wrong Stop,7,Phone,4,442.09,1768.36,4691.78
166,2023-12-11,127,Robert Smith,scottwhite@example.org,277,Oil Stay,10,President,2,146.65,293.3,4691.78
166,2023-12-11,127,Robert Smith,scottwhite@example.org,281,President Scientist,13,Past,4,258.78,1035.12,4691.78
166,2023-12-11,127,Robert Smith,scottwhite@example.org,5,Both Write,5,Peace,1,140.03,140.03,4691.78
167,2025-04-11,153,Erica Hood,bryantmelvin@example.org,106,First Party,20,Mind,1,133.29,133.29,133.29
168,2024-09-21,24,Mark Holloway,orivera@example.com,249,Fill Show,6,Several,1,378.8,378.8,4361.96
168,2024-09-21,24,Mark Holloway,orivera@example.com,65,Benefit Real,4,Choice,2,488.07,976.14,4361.96
168,2024-09-21,24,Mark Holloway,orivera@example.com,139,Law Near,18,Strong,4,487.38,1949.52,4361.96
168,2024-09-21,24,Mark Holloway,orivera@example.com,73,Establish Movie,12,Who,1,421.52,421.52,4361.96
168,2024-09-21,24,Mark Holloway,orivera@example.com,89,Member Four,15,Hour,2,317.99,635.98,4361.96
169,2024-09-10,189,Kyle Berry,andrewshah@example.net,173,Water Option,20,Mind,2,96.07,192.14,944.42
169,2024-09-10,189,Kyle Berry,andrewshah@example.net,79,Unit Could,10,President,2,181.67,363.34,944.42
169,2024-09-10,189,Kyle Berry,andrewshah@example.net,123,Their Different,13,Past,2,194.47,388.94,944.42
170,2024-09-18,161,Matthew Baldwin,dconner@example.com,232,Feel End,6,Several,4,495.28,1981.12,3181.06
170,2024-09-18,161,Matthew Baldwin,dconner@example.com,236,Play One,1,Have,2,374.63,749.26,3181.06
170,2024-09-18,161,Matthew Baldwin,dconner@example.com,134,Simple Thing,3,One,2,225.34,450.68,3181.06
171,2024-07-21,154,Elizabeth Griffin,juliajackson@example.com,144,Teacher Peace,17,Support,2,16.99,33.98,762.48
171,2024-07-21,154,Elizabeth Griffin,juliajackson@example.com,177,Former Truth,4,Choice,3,43.67,131.01,762.48
171,2024-07-21,154,Elizabeth Griffin,juliajackson@example.com,173,Water Option,20,Mind,1,96.07,96.07,762.48
171,2024-07-21,154,Elizabeth Griffin,juliajackson@example.com,220,Happen Per,8,Nor,2,250.71,501.42,762.48
172,2024-01-13,196,Omar Lawson,butlersherry@example.org,264,Woman Mission,20,Mind,4,177.38,709.52,1110.23
172,2024-01-13,196,Omar Lawson,butlersherry@example.org,111,Compare Media,15,Hour,3,133.57,400.71,1110.23
173,2025-10-14,21,Jeremy Gill,craiggonzalez@example.net,243,Learn Space,19,Different,1,366.97,366.97,3010.81
173,2025-10-14,21,Jeremy Gill,craiggonzalez@example.net,169,Wrong Stop,7,Phone,4,442.09,1768.36,3010.81
173,2025-10-14,21,Jeremy Gill,craiggonzalez@example.net,111,Compare Media,15,Hour,4,133.57,534.28,3010.81
173,2025-10-14,21,Jeremy Gill,craiggonzalez@example.net,207,Skin Fly,17,Support,1,341.2,341.2,3010.81
174,2025-07-29,61,Henry Hogan,johnortiz@example.net,20,Lead Contain,6,Several,2,189.84,379.68,2090.42
174,2025-07-29,61,Henry Hogan,johnortiz@example.net,284,Money Employee,4,Choice,3,355.86,1067.58,2090.42
174,2025-07-29,61,Henry Hogan,johnortiz@example.net,191,Trial Too,18,Strong,2,66.79,133.58,2090.42
174,2025-07-29,61,Henry Hogan,johnortiz@example.net,106,First Party,20,Mind,2,133.29,266.58,2090.42
174,2025-07-29,61,Henry Hogan,johnortiz@example.net,14,Thank Question,5,Peace,3,81.0,243.0,2090.42
175,2024-09-24,34,Brent Kemp,christophergill@example.com,76,Director Standard,14,Break,1,48.55,48.55,1520.04
175,2024-09-24,34,Brent Kemp,christophergill@example.com,226,Fast Still,13,Past,3,437.72,1313.16,1520.04
175,2024-09-24,34,Brent Kemp,christophergill@example.com,230,Officer News,19,Different,1,158.33,158.33,1520.04
176,2024-03-05,28,Edwin Fisher,xduncan@example.org,17,Family Interest,11,Young,2,290.41,580.82,3690.66
176,2024-03-05,28,Edwin Fisher,xduncan@example.org,163,Indicate Ball,16,The,4,492.37,1969.48,3690.66
176,2024-03-05,28,Edwin Fisher,xduncan@example.org,27,North Man,4,Choice,4,285.09,1140.36,3690.66
177,2024-11-15,23,Wendy Cook,brittany08@example.org,47,Recently Anyone,9,Wind,4,142.72,570.88,1585.96
177,2024-11-15,23,Wendy Cook,brittany08@example.org,164,History Involve,2,Deal,3,338.36,1015.08,1585.96
178,2024-04-08,110,Holly Mathis,andersonaustin@example.org,1,Focus Issue,7,Phone,1,350.69,350.69,350.69
179,2023-11-24,128,Emily Gordon,urandolph@example.com,94,Firm No,15,Hour,3,180.73,542.1899999999999,1094.15
179,2023-11-24,128,Emily Gordon,urandolph@example.com,174,Tend Music,1,Have,2,136.09,272.18,1094.15
179,2023-11-24,128,Emily Gordon,urandolph@example.com,142,Him Baby,5,Peace,3,93.26,279.78000000000003,1094.15
180,2025-09-22,51,Edwin Lindsey,nicole50@example.com,77,Represent Similar,19,Different,3,163.15,489.45000000000005,2195.25
180,2025-09-22,51,Edwin Lindsey,nicole50@example.com,54,School Ball,8,Nor,4,192.76,771.04,2195.25
180,2025-09-22,51,Edwin Lindsey,nicole50@example.com,176,Federal Pattern,10,President,2,355.92,711.84,2195.25
180,2025-09-22,51,Edwin Lindsey,nicole50@example.com,184,See Fund,5,Peace,1,205.93,205.93,2195.25
180,2025-09-22,51,Edwin Lindsey,nicole50@example.com,144,Teacher Peace,17,Support,1,16.99,16.99,2195.25
181,2024-03-02,94,Susan Bush,parkeranne@example.net,167,Central Music,17,Support,2,76.86,153.72,788.04
181,2024-03-02,94,Susan Bush,parkeranne@example.net,224,Either Itself,19,Different,2,317.16,634.32,788.04
182,2024-08-27,113,Lori Hanson,lisadouglas@example.org,268,We Lawyer,1,Have,1,197.51,197.51,197.51
183,2024-06-15,33,Brandon Hamilton,tracyadams@example.net,135,Establish Heavy,16,The,3,342.38,1027.1399999999999,4195.0
183,2024-06-15,33,Brandon Hamilton,tracyadams@example.net,136,Itself Green,6,Several,1,117.9,117.9,4195.0
183,2024-06-15,33,Brandon Hamilton,tracyadams@example.net,61,Actually List,6,Several,4,272.62,1090.48,4195.0
183,2024-06-15,33,Brandon Hamilton,tracyadams@example.net,121,Four Eye,20,Mind,4,343.22,1372.88,4195.0
183,2024-06-15,33,Brandon Hamilton,tracyadams@example.net,277,Oil Stay,10,President,4,146.65,586.6,4195.0
184,2024-07-22,66,Andrea Carr,nataliecraig@example.org,288,Several Bill,18,Strong,1,342.54,342.54,2486.08
184,2024-07-22,66,Andrea Carr,nataliecraig@example.org,294,Whether Value,1,Have,2,455.57,911.14,2486.08
184,2024-07-22,66,Andrea Carr,nataliecraig@example.org,83,Total Drop,3,One,2,260.34,520.68,2486.08
184,2024-07-22,66,Andrea Carr,nataliecraig@example.org,284,Money Employee,4,Choice,2,355.86,711.72,2486.08
185,2025-04-30,98,Angela Bradley,jonathan96@example.org,191,Trial Too,18,Strong,3,66.79,200.37,2040.8
185,2025-04-30,98,Angela Bradley,jonathan96@example.org,70,Student Democrat,20,Mind,1,449.78,449.78,2040.8
185,2025-04-30,98,Angela Bradley,jonathan96@example.org,75,Air Ability,2,Deal,3,463.55,1390.65,2040.8
186,2024-08-01,6,Richard Moss,ushannon@example.net,23,Occur Still,15,Hour,4,312.59,1250.36,3958.77
186,2024-08-01,6,Richard Moss,ushannon@example.net,82,Protect Want,2,Deal,1,433.45,433.45,3958.77
186,2024-08-01,6,Richard Moss,ushannon@example.net,68,Church Huge,5,Peace,1,135.82,135.82,3958.77
186,2024-08-01,6,Richard Moss,ushannon@example.net,183,Design Our,7,Phone,2,484.99,969.98,3958.77
186,2024-08-01,6,Richard Moss,ushannon@example.net,253,Tell Miss,19,Different,4,292.29,1169.16,3958.77
187,2024-01-21,70,Elizabeth Arnold,umoore@example.com,211,Almost Thousand,11,Young,1,231.19,231.19,2694.71
187,2024-01-21,70,Elizabeth Arnold,umoore@example.com,258,Daughter Return,11,Young,2,276.12,552.24,2694.71
187,2024-01-21,70,Elizabeth Arnold,umoore@example.com,286,During Challenge,18,Strong,4,241.31,965.24,2694.71
187,2024-01-21,70,Elizabeth Arnold,umoore@example.com,247,Role Per,19,Different,4,97.46,389.84,2694.71
187,2024-01-21,70,Elizabeth Arnold,umoore@example.com,159,West Wind,4,Choice,2,278.1,556.2,2694.71
188,2025-06-28,126,Patricia Pugh,craigjohnson@example.org,141,Since Lot,1,Have,2,345.3,690.6,3114.76
188,2025-06-28,126,Patricia Pugh,craigjohnson@example.org,196,Community Bill,9,Wind,4,469.6,1878.4,3114.76
188,2025-06-28,126,Patricia Pugh,craigjohnson@example.org,192,Art Understand,15,Hour,3,115.13,345.39,3114.76
188,2025-06-28,126,Patricia Pugh,craigjohnson@example.org,191,Trial Too,18,Strong,3,66.79,200.37,3114.76
189,2025-01-19,160,Zachary Mclaughlin,boonejamie@example.com,4,Field Subject,4,Choice,3,187.68,563.04,563.04
190,2025-09-24,35,Robert Alexander,johnspencer@example.com,141,Since Lot,1,Have,1,345.3,345.3,1815.1
190,2025-09-24,35,Robert Alexander,johnspencer@example.com,186,Sort Animal,8,Nor,4,290.59,1162.36,1815.1
190,2025-09-24,35,Robert Alexander,johnspencer@example.com,167,Central Music,17,Support,4,76.86,307.44,1815.1
191,2025-03-23,54,Brett Hayes,venglish@example.com,242,Case Base,3,One,4,244.55,978.2,1144.85
191,2025-03-23,54,Brett Hayes,venglish@example.com,60,Discover Business,10,President,1,166.65,166.65,1144.85
192,2024-11-04,59,Jeffrey Garcia,kristenalvarez@example.com,18,Food Responsibility,2,Deal,4,112.07,448.28,448.28
193,2025-06-28,148,Randy Taylor,whitedavid@example.org,62,Stage Bit,5,Peace,4,180.17,720.68,1959.44
193,2025-06-28,148,Randy Taylor,whitedavid@example.org,131,Of Audience,15,Hour,4,309.69,1238.76,1959.44
194,2024-11-10,161,Matthew Baldwin,dconner@example.com,157,Each Program,11,Young,1,450.37,450.37,450.37
195,2023-12-22,186,Mark Leonard,thomas23@example.net,153,Identify Answer,19,Different,3,476.91,1430.73,1798.83
195,2023-12-22,186,Mark Leonard,thomas23@example.net,296,Memory Find,2,Deal,2,184.05,368.1,1798.83
196,2025-03-30,146,Jerry Moore,megansmith@example.org,31,Effect Character,7,Phone,2,22.44,44.88,2460.98
196,2025-03-30,146,Jerry Moore,megansmith@example.org,292,Turn Consumer,1,Have,1,184.28,184.28,2460.98
196,2025-03-30,146,Jerry Moore,megansmith@example.org,269,Personal Hotel,13,Past,3,263.01,789.03,2460.98
196,2025-03-30,146,Jerry Moore,megansmith@example.org,151,Maybe Community,3,One,1,40.03,40.03,2460.98
196,2025-03-30,146,Jerry Moore,megansmith@example.org,1,Focus Issue,7,Phone,4,350.69,1402.76,2460.98
197,2024-09-30,153,Erica Hood,bryantmelvin@example.org,226,Fast Still,13,Past,4,437.72,1750.88,4636.45
197,2024-09-30,153,Erica Hood,bryantmelvin@example.org,179,Past Parent,11,Young,4,463.55,1854.2,4636.45
197,2024-09-30,153,Erica Hood,bryantmelvin@example.org,167,Central Music,17,Support,4,76.86,307.44,4636.45
197,2024-09-30,153,Erica Hood,bryantmelvin@example.org,286,During Challenge,18,Strong,3,241.31,723.9300000000001,4636.45
198,2025-09-03,104,Stephen Kelley,vgallagher@example.net,282,Other Be,8,Nor,1,191.67,191.67,191.67
199,2025-10-09,141,Nathaniel Pierce,kinggeorge@example.com,22,Leave Leader,14,Break,4,155.35,621.4,1767.71
199,2025-10-09,141,Nathaniel Pierce,kinggeorge@example.com,238,Figure A,17,Support,2,171.77,343.54,1767.71
199,2025-10-09,141,Nathaniel Pierce,kinggeorge@example.com,134,Simple Thing,3,One,2,225.34,450.68,1767.71
199,2025-10-09,141,Nathaniel Pierce,kinggeorge@example.com,271,Worry Medical,18,Strong,1,352.09,352.09,1767.71
200,2024-06-06,88,Sandra Gutierrez,daniel33@example.org,270,Hair Card,8,Nor,2,185.64,371.28,3258.18
200,2024-06-06,88,Sandra Gutierrez,daniel33@example.org,131,Of Audience,15,Hour,2,309.69,619.38,3258.18
200,2024-06-06,88,Sandra Gutierrez,daniel33@example.org,179,Past Parent,11,Young,3,463.55,1390.65,3258.18
200,2024-06-06,88,Sandra Gutierrez,daniel33@example.org,253,Tell Miss,19,Different,3,292.29,876.8700000000001,3258.18
201,2025-06-05,167,Monica Jones,tgraham@example.net,205,Month Interesting,9,Wind,2,47.63,95.26,2355.54
201,2025-06-05,167,Monica Jones,tgraham@example.net,181,Soldier It,19,Different,2,290.32,580.64,2355.54
201,2025-06-05,167,Monica Jones,tgraham@example.net,93,Help Exist,12,Who,4,419.91,1679.64,2355.54
202,2024-03-03,154,Elizabeth Griffin,juliajackson@example.com,123,Their Different,13,Past,4,194.47,777.88,2804.92
202,2024-03-03,154,Elizabeth Griffin,juliajackson@example.com,127,Their South,11,Young,2,127.29,254.58,2804.92
202,2024-03-03,154,Elizabeth Griffin,juliajackson@example.com,160,See Item,18,Strong,3,25.16,75.48,2804.92
202,2024-03-03,154,Elizabeth Griffin,juliajackson@example.com,238,Figure A,17,Support,2,171.77,343.54,2804.92
202,2024-03-03,154,Elizabeth Griffin,juliajackson@example.com,164,History Involve,2,Deal,4,338.36,1353.44,2804.92
203,2025-04-20,140,Mark Martinez,juliemyers@example.net,199,Level Mission,18,Strong,4,334.72,1338.88,3055.47
203,2025-04-20,140,Mark Martinez,juliemyers@example.net,64,Bank Area,18,Strong,2,274.98,549.96,3055.47
203,2025-04-20,140,Mark Martinez,juliemyers@example.net,220,Happen Per,8,Nor,1,250.71,250.71,3055.47
203,2025-04-20,140,Mark Martinez,juliemyers@example.net,92,Everyone Also,9,Wind,4,228.98,915.92,3055.47
204,2025-03-13,92,James Hill,jasminewright@example.com,100,Mission Many,13,Past,2,345.4,690.8,1449.74
204,2025-03-13,92,James Hill,jasminewright@example.com,86,Up Form,15,Hour,2,7.44,14.88,1449.74
204,2025-03-13,92,James Hill,jasminewright@example.com,135,Establish Heavy,16,The,1,342.38,342.38,1449.74
204,2025-03-13,92,James Hill,jasminewright@example.com,152,My Security,12,Who,1,401.68,401.68,1449.74
205,2024-01-28,44,Hailey Simpson MD,bgriffin@example.com,57,Leg Difficult,15,Hour,2,407.43,814.86,2063.72
205,2024-01-28,44,Hailey Simpson MD,bgriffin@example.com,180,Level Catch,15,Hour,2,204.52,409.04,2063.72
205,2024-01-28,44,Hailey Simpson MD,bgriffin@example.com,93,Help Exist,12,Who,2,419.91,839.82,2063.72
206,2025-03-16,171,Linda Rosales,harrischeryl@example.com,292,Turn Consumer,1,Have,1,184.28,184.28,220.14
206,2025-03-16,171,Linda Rosales,harrischeryl@example.com,216,Oil Change,6,Several,2,17.93,35.86,220.14
207,2024-10-24,79,Frank Castillo,smarshall@example.com,179,Past Parent,11,Young,4,463.55,1854.2,2959.38
207,2024-10-24,79,Frank Castillo,smarshall@example.com,299,Feel Meeting,12,Who,2,140.12,280.24,2959.38
207,2024-10-24,79,Frank Castillo,smarshall@example.com,64,Bank Area,18,Strong,3,274.98,824.94,2959.38
208,2025-09-18,100,Mrs. Tracy Cook,davidweaver@example.com,284,Money Employee,4,Choice,2,355.86,711.72,3768.49
208,2025-09-18,100,Mrs. Tracy Cook,davidweaver@example.com,194,Guy Director,8,Nor,4,215.51,862.04,3768.49
208,2025-09-18,100,Mrs. Tracy Cook,davidweaver@example.com,54,School Ball,8,Nor,2,192.76,385.52,3768.49
208,2025-09-18,100,Mrs. Tracy Cook,davidweaver@example.com,189,Material Class,4,Choice,3,419.75,1259.25,3768.49
208,2025-09-18,100,Mrs. Tracy Cook,davidweaver@example.com,64,Bank Area,18,Strong,2,274.98,549.96,3768.49
209,2025-10-12,133,Brittany Preston,egilbert@example.com,104,Really Rich,7,Phone,4,449.39,1797.56,1797.56
210,2024-07-28,173,Cynthia Berger,hvasquez@example.org,128,New Low,3,One,4,231.31,925.24,925.24
211,2024-05-10,200,Alejandra Fitzgerald,ellisonhoward@example.org,195,Air Like,15,Hour,4,65.64,262.56,2351.37
211,2024-05-10,200,Alejandra Fitzgerald,ellisonhoward@example.org,140,World Garden,16,The,3,71.64,214.92000000000002,2351.37
211,2024-05-10,200,Alejandra Fitzgerald,ellisonhoward@example.org,59,Involve Rule,9,Wind,1,56.05,56.05,2351.37
211,2024-05-10,200,Alejandra Fitzgerald,ellisonhoward@example.org,241,Chance Garden,8,Nor,2,413.64,827.28,2351.37
211,2024-05-10,200,Alejandra Fitzgerald,ellisonhoward@example.org,232,Feel End,6,Several,2,495.28,990.56,2351.37
212,2024-02-20,187,Robert Davis,jonathan74@example.org,81,Religious None,18,Strong,3,317.02,951.06,2632.24
212,2024-02-20,187,Robert Davis,jonathan74@example.org,36,Camera Prove,11,Young,4,416.65,1666.6,2632.24
212,2024-02-20,187,Robert Davis,jonathan74@example.org,7,Because Night,2,Deal,2,7.29,14.58,2632.24
213,2024-10-22,17,David Clark,bhouse@example.com,100,Mission Many,13,Past,1,345.4,345.4,2061.56
213,2024-10-22,17,David Clark,bhouse@example.com,98,Born Near,7,Phone,4,367.23,1468.92,2061.56
213,2024-10-22,17,David Clark,bhouse@example.com,56,Hit Clear,4,Choice,4,61.81,247.24,2061.56
214,2025-01-22,34,Brent Kemp,christophergill@example.com,4,Field Subject,4,Choice,4,187.68,750.72,945.64
214,2025-01-22,34,Brent Kemp,christophergill@example.com,247,Role Per,19,Different,2,97.46,194.92,945.64
215,2024-11-13,12,Kenneth Holland,george62@example.org,159,West Wind,4,Choice,1,278.1,278.1,2831.81
215,2024-11-13,12,Kenneth Holland,george62@example.org,274,Stay Go,20,Mind,3,398.72,1196.16,2831.81
215,2024-11-13,12,Kenneth Holland,george62@example.org,141,Since Lot,1,Have,1,345.3,345.3,2831.81
215,2024-11-13,12,Kenneth Holland,george62@example.org,23,Occur Still,15,Hour,1,312.59,312.59,2831.81
215,2024-11-13,12,Kenneth Holland,george62@example.org,170,Miss Different,14,Break,3,233.22,699.66,2831.81
216,2024-04-12,52,Emily Mays,angelazimmerman@example.com,261,Century Herself,7,Phone,3,432.34,1297.02,4175.95
216,2024-04-12,52,Emily Mays,angelazimmerman@example.com,283,Two Bar,1,Have,3,218.21,654.63,4175.95
216,2024-04-12,52,Emily Mays,angelazimmerman@example.com,153,Identify Answer,19,Different,4,476.91,1907.64,4175.95
216,2024-04-12,52,Emily Mays,angelazimmerman@example.com,230,Officer News,19,Different,2,158.33,316.66,4175.95
217,2024-05-01,27,Beverly Torres,valenzuelajean@example.org,5,Both Write,5,Peace,1,140.03,140.03,140.03
218,2025-07-02,93,Hannah Graham,cpeters@example.com,71,Party Example,10,President,3,84.14,252.42000000000002,4825.43
218,2025-07-02,93,Hannah Graham,cpeters@example.com,64,Bank Area,18,Strong,4,274.98,1099.92,4825.43
218,2025-07-02,93,Hannah Graham,cpeters@example.com,55,Result Bad,9,Wind,3,397.85,1193.5500000000002,4825.43
218,2025-07-02,93,Hannah Graham,cpeters@example.com,73,Establish Movie,12,Who,4,421.52,1686.08,4825.43
218,2025-07-02,93,Hannah Graham,cpeters@example.com,300,Difference Discover,15,Hour,2,296.73,593.46,4825.43
219,2024-09-25,123,Ryan Johnson,alexandra88@example.org,85,Fear Still,14,Break,2,109.03,218.06,2889.72
219,2024-09-25,123,Ryan Johnson,alexandra88@example.org,166,Suggest Would,13,Past,4,298.21,1192.84,2889.72
219,2024-09-25,123,Ryan Johnson,alexandra88@example.org,193,Down Up,18,Strong,1,260.78,260.78,2889.72
219,2024-09-25,123,Ryan Johnson,alexandra88@example.org,120,Girl Radio,1,Have,4,304.51,1218.04,2889.72
220,2025-08-12,14,Dr. Stephanie Cannon,pcraig@example.org,116,Real Successful,4,Choice,3,32.13,96.39000000000001,96.39
221,2025-06-07,13,David Gray,jason23@example.com,98,Born Near,7,Phone,3,367.23,1101.69,5067.76
221,2025-06-07,13,David Gray,jason23@example.com,187,Morning Notice,10,President,3,456.83,1370.49,5067.76
221,2025-06-07,13,David Gray,jason23@example.com,166,Suggest Would,13,Past,4,298.21,1192.84,5067.76
221,2025-06-07,13,David Gray,jason23@example.com,37,Indicate Value,13,Past,2,296.88,593.76,5067.76
221,2025-06-07,13,David Gray,jason23@example.com,10,Player Long,10,President,2,404.49,808.98,5067.76
222,2023-12-09,166,Kristy Smith,stevensbrandon@example.org,226,Fast Still,13,Past,4,437.72,1750.88,3062.95
222,2023-12-09,166,Kristy Smith,stevensbrandon@example.org,123,Their Different,13,Past,1,194.47,194.47,3062.95
222,2023-12-09,166,Kristy Smith,stevensbrandon@example.org,106,First Party,20,Mind,4,133.29,533.16,3062.95
222,2023-12-09,166,Kristy Smith,stevensbrandon@example.org,197,Go Woman,7,Phone,2,292.22,584.44,3062.95
223,2024-01-31,29,Tanya Ross,lindaallen@example.org,74,Full Camera,18,Strong,4,91.44,365.76,1153.06
223,2024-01-31,29,Tanya Ross,lindaallen@example.org,43,Bad Cultural,20,Mind,1,495.01,495.01,1153.06
223,2024-01-31,29,Tanya Ross,lindaallen@example.org,253,Tell Miss,19,Different,1,292.29,292.29,1153.06
224,2024-03-07,171,Linda Rosales,harrischeryl@example.com,74,Full Camera,18,Strong,2,91.44,182.88,2800.5
224,2024-03-07,171,Linda Rosales,harrischeryl@example.com,204,Civil Officer,5,Peace,4,404.78,1619.12,2800.5
224,2024-03-07,171,Linda Rosales,harrischeryl@example.com,103,Hospital Be,1,Have,1,22.44,22.44,2800.5
224,2024-03-07,171,Linda Rosales,harrischeryl@example.com,134,Simple Thing,3,One,1,225.34,225.34,2800.5
224,2024-03-07,171,Linda Rosales,harrischeryl@example.com,4,Field Subject,4,Choice,4,187.68,750.72,2800.5
225,2025-03-21,178,Corey Wilson,christinacruz@example.com,108,Themselves Last,10,President,2,10.17,20.34,154.82
225,2025-03-21,178,Corey Wilson,christinacruz@example.com,8,Buy Try,4,Choice,2,20.61,41.22,154.82
225,2025-03-21,178,Corey Wilson,christinacruz@example.com,142,Him Baby,5,Peace,1,93.26,93.26,154.82
226,2024-06-18,179,Nancy Wilson,elizabeth54@example.com,96,See Want,4,Choice,2,484.16,968.32,2480.85
226,2024-06-18,179,Nancy Wilson,elizabeth54@example.com,123,Their Different,13,Past,2,194.47,388.94,2480.85
226,2024-06-18,179,Nancy Wilson,elizabeth54@example.com,63,Describe Little,17,Support,4,24.21,96.84,2480.85
226,2024-06-18,179,Nancy Wilson,elizabeth54@example.com,229,Nothing Develop,4,Choice,1,478.71,478.71,2480.85
226,2024-06-18,179,Nancy Wilson,elizabeth54@example.com,239,Truth Move,12,Who,2,274.02,548.04,2480.85
227,2024-03-01,187,Robert Davis,jonathan74@example.org,226,Fast Still,13,Past,3,437.72,1313.16,1959.69
227,2024-03-01,187,Robert Davis,jonathan74@example.org,194,Guy Director,8,Nor,3,215.51,646.53,1959.69
228,2024-07-06,115,Amy James,kelseybush@example.com,256,Tell Behavior,14,Break,3,197.05,591.1500000000001,3355.83
228,2024-07-06,115,Amy James,kelseybush@example.com,118,To Debate,8,Nor,2,105.26,210.52,3355.83
228,2024-07-06,115,Amy James,kelseybush@example.com,92,Everyone Also,9,Wind,3,228.98,686.9399999999999,3355.83
228,2024-07-06,115,Amy James,kelseybush@example.com,197,Go Woman,7,Phone,3,292.22,876.6600000000001,3355.83
228,2024-07-06,115,Amy James,kelseybush@example.com,232,Feel End,6,Several,2,495.28,990.56,3355.83
229,2024-10-21,12,Kenneth Holland,george62@example.org,181,Soldier It,19,Different,2,290.32,580.64,2222.21
229,2024-10-21,12,Kenneth Holland,george62@example.org,117,Generation Dinner,17,Support,3,52.76,158.28,2222.21
229,2024-10-21,12,Kenneth Holland,george62@example.org,71,Party Example,10,President,1,84.14,84.14,2222.21
229,2024-10-21,12,Kenneth Holland,george62@example.org,237,Wait Five,1,Have,3,288.17,864.51,2222.21
229,2024-10-21,12,Kenneth Holland,george62@example.org,29,Possible Bring,3,One,2,267.32,534.64,2222.21
230,2024-02-05,108,Henry Campbell,wacevedo@example.net,120,Girl Radio,1,Have,3,304.51,913.53,2225.3
230,2024-02-05,108,Henry Campbell,wacevedo@example.net,237,Wait Five,1,Have,1,288.17,288.17,2225.3
230,2024-02-05,108,Henry Campbell,wacevedo@example.net,207,Skin Fly,17,Support,3,341.2,1023.5999999999999,2225.3
231,2025-04-06,123,Ryan Johnson,alexandra88@example.org,287,Would Real,6,Several,4,403.84,1615.36,1615.36
232,2025-02-03,63,Sara Davis,gharris@example.org,38,Girl Pattern,3,One,4,182.01,728.04,728.04
233,2025-01-18,171,Linda Rosales,harrischeryl@example.com,224,Either Itself,19,Different,4,317.16,1268.64,2247.3
233,2025-01-18,171,Linda Rosales,harrischeryl@example.com,211,Almost Thousand,11,Young,3,231.19,693.5699999999999,2247.3
233,2025-01-18,171,Linda Rosales,harrischeryl@example.com,27,North Man,4,Choice,1,285.09,285.09,2247.3
234,2025-07-05,34,Brent Kemp,christophergill@example.com,42,Tv Enter,4,Choice,1,442.16,442.16,2752.02
234,2025-07-05,34,Brent Kemp,christophergill@example.com,214,Increase Because,8,Nor,4,341.9,1367.6,2752.02
234,2025-07-05,34,Brent Kemp,christophergill@example.com,138,Probably Officer,1,Have,2,264.31,528.62,2752.02
234,2025-07-05,34,Brent Kemp,christophergill@example.com,241,Chance Garden,8,Nor,1,413.64,413.64,2752.02
235,2025-08-27,88,Sandra Gutierrez,daniel33@example.org,243,Learn Space,19,Different,4,366.97,1467.88,1741.5
235,2025-08-27,88,Sandra Gutierrez,daniel33@example.org,115,Prove Make,10,President,1,43.36,43.36,1741.5
235,2025-08-27,88,Sandra Gutierrez,daniel33@example.org,192,Art Understand,15,Hour,2,115.13,230.26,1741.5
236,2024-11-14,160,Zachary Mclaughlin,boonejamie@example.com,289,Fight Assume,10,President,1,337.78,337.78,654.01
236,2024-11-14,160,Zachary Mclaughlin,boonejamie@example.com,32,Teacher Commercial,6,Several,1,316.23,316.23,654.01
237,2024-04-28,102,Kelly Hester,mcbrideshannon@example.net,212,Energy Usually,12,Who,1,164.83,164.83,1278.57
237,2024-04-28,102,Kelly Hester,mcbrideshannon@example.net,129,Water Another,2,Deal,3,303.9,911.6999999999999,1278.57
237,2024-04-28,102,Kelly Hester,mcbrideshannon@example.net,213,Sort Half,18,Strong,4,50.51,202.04,1278.57
238,2024-09-06,114,Rachel Wilson,sherriperkins@example.com,157,Each Program,11,Young,3,450.37,1351.1100000000001,1745.21
238,2024-09-06,114,Rachel Wilson,sherriperkins@example.com,256,Tell Behavior,14,Break,2,197.05,394.1,1745.21
239,2025-02-05,54,Brett Hayes,venglish@example.com,277,Oil Stay,10,President,3,146.65,439.95000000000005,439.95
240,2024-02-18,110,Holly Mathis,andersonaustin@example.org,203,Establish Yourself,6,Several,4,388.63,1554.52,1569.4
240,2024-02-18,110,Holly Mathis,andersonaustin@example.org,86,Up Form,15,Hour,2,7.44,14.88,1569.4
241,2025-07-30,196,Omar Lawson,butlersherry@example.org,112,Professional Defense,16,The,2,483.26,966.52,5184.14
241,2025-07-30,196,Omar Lawson,butlersherry@example.org,146,Democratic Want,1,Have,4,22.64,90.56,5184.14
241,2025-07-30,196,Omar Lawson,butlersherry@example.org,193,Down Up,18,Strong,3,260.78,782.3399999999999,5184.14
241,2025-07-30,196,Omar Lawson,butlersherry@example.org,109,Vote Mother,7,Phone,4,419.53,1678.12,5184.14
241,2025-07-30,196,Omar Lawson,butlersherry@example.org,36,Camera Prove,11,Young,4,416.65,1666.6,5184.14
242,2025-09-15,191,Zachary Johnson,dawnharris@example.net,288,Several Bill,18,Strong,4,342.54,1370.16,1370.16
243,2025-08-30,135,Jon Freeman,jim08@example.net,45,Keep Response,8,Nor,3,297.97,893.9100000000001,4195.58
243,2025-08-30,135,Jon Freeman,jim08@example.net,208,Water Government,19,Different,1,328.57,328.57,4195.58
243,2025-08-30,135,Jon Freeman,jim08@example.net,113,Song Describe,3,One,4,282.53,1130.12,4195.58
243,2025-08-30,135,Jon Freeman,jim08@example.net,186,Sort Animal,8,Nor,2,290.59,581.18,4195.58
243,2025-08-30,135,Jon Freeman,jim08@example.net,122,Myself Guy,14,Break,4,315.45,1261.8,4195.58
244,2024-07-27,175,Paul Howard,handerson@example.org,10,Player Long,10,President,1,404.49,404.49,1106.48
244,2024-07-27,175,Paul Howard,handerson@example.org,213,Sort Half,18,Strong,4,50.51,202.04,1106.48
244,2024-07-27,175,Paul Howard,handerson@example.org,60,Discover Business,10,President,3,166.65,499.95000000000005,1106.48
245,2024-11-15,70,Elizabeth Arnold,umoore@example.com,38,Girl Pattern,3,One,2,182.01,364.02,364.02
246,2024-09-07,80,Cynthia Malone,weaverjason@example.org,220,Happen Per,8,Nor,3,250.71,752.13,3201.48
246,2024-09-07,80,Cynthia Malone,weaverjason@example.org,100,Mission Many,13,Past,2,345.4,690.8,3201.48
246,2024-09-07,80,Cynthia Malone,weaverjason@example.org,289,Fight Assume,10,President,4,337.78,1351.12,3201.48
246,2024-09-07,80,Cynthia Malone,weaverjason@example.org,57,Leg Difficult,15,Hour,1,407.43,407.43,3201.48
247,2025-01-27,118,Matthew Rodriguez,ksanchez@example.com,288,Several Bill,18,Strong,3,342.54,1027.6200000000001,4133.62
247,2025-01-27,118,Matthew Rodriguez,ksanchez@example.com,193,Down Up,18,Strong,4,260.78,1043.12,4133.62
247,2025-01-27,118,Matthew Rodriguez,ksanchez@example.com,52,Call Affect,18,Strong,2,497.65,995.3,4133.62
247,2025-01-27,118,Matthew Rodriguez,ksanchez@example.com,284,Money Employee,4,Choice,3,355.86,1067.58,4133.62
248,2024-05-15,125,Emily Peterson,misty86@example.com,202,Professor Effort,4,Choice,3,14.35,43.05,2023.94
248,2024-05-15,125,Emily Peterson,misty86@example.com,288,Several Bill,18,Strong,4,342.54,1370.16,2023.94
248,2024-05-15,125,Emily Peterson,misty86@example.com,222,Stand Which,11,Young,2,154.3,308.6,2023.94
248,2024-05-15,125,Emily Peterson,misty86@example.com,67,Actually Difficult,19,Different,3,100.71,302.13,2023.94
249,2025-11-07,75,Dana Dyer,walkerbruce@example.net,59,Involve Rule,9,Wind,4,56.05,224.2,3354.86
249,2025-11-07,75,Dana Dyer,walkerbruce@example.net,54,School Ball,8,Nor,1,192.76,192.76,3354.86
249,2025-11-07,75,Dana Dyer,walkerbruce@example.net,73,Establish Movie,12,Who,4,421.52,1686.08,3354.86
249,2025-11-07,75,Dana Dyer,walkerbruce@example.net,221,Suffer City,20,Mind,4,227.07,908.28,3354.86
249,2025-11-07,75,Dana Dyer,walkerbruce@example.net,238,Figure A,17,Support,2,171.77,343.54,3354.86
250,2024-01-12,69,Ronnie Welch,turnermichelle@example.com,74,Full Camera,18,Strong,2,91.44,182.88,1555.7
250,2024-01-12,69,Ronnie Welch,turnermichelle@example.com,292,Turn Consumer,1,Have,3,184.28,552.84,1555.7
250,2024-01-12,69,Ronnie Welch,turnermichelle@example.com,205,Month Interesting,9,Wind,2,47.63,95.26,1555.7
250,2024-01-12,69,Ronnie Welch,turnermichelle@example.com,291,Imagine Indeed,18,Strong,4,181.18,724.72,1555.7
251,2024-11-20,159,Abigail Stevens,heatherquinn@example.net,3,Cause Near,7,Phone,2,166.58,333.16,2699.8
251,2024-11-20,159,Abigail Stevens,heatherquinn@example.net,4,Field Subject,4,Choice,2,187.68,375.36,2699.8
251,2024-11-20,159,Abigail Stevens,heatherquinn@example.net,143,Too Teach,19,Different,3,250.12,750.36,2699.8
251,2024-11-20,159,Abigail Stevens,heatherquinn@example.net,241,Chance Garden,8,Nor,3,413.64,1240.92,2699.8
252,2025-01-07,111,Mary Banks,jacobstanley@example.net,274,Stay Go,20,Mind,2,398.72,797.44,1586.66
252,2025-01-07,111,Mary Banks,jacobstanley@example.net,127,Their South,11,Young,2,127.29,254.58,1586.66
252,2025-01-07,111,Mary Banks,jacobstanley@example.net,29,Possible Bring,3,One,2,267.32,534.64,1586.66
253,2024-11-14,27,Beverly Torres,valenzuelajean@example.org,266,Second With,2,Deal,3,371.78,1115.34,1115.34
254,2024-04-15,143,Darren Leon,matthew89@example.com,2,May Mouth,15,Hour,2,446.5,893.0,893.0
255,2024-08-08,170,Howard Munoz,smithdaniel@example.net,61,Actually List,6,Several,4,272.62,1090.48,1090.48
256,2024-09-02,158,Jacqueline Barker,gprice@example.org,41,Traditional Image,1,Have,2,254.19,508.38,1290.72
256,2024-09-02,158,Jacqueline Barker,gprice@example.org,193,Down Up,18,Strong,3,260.78,782.3399999999999,1290.72
257,2025-10-14,124,David Johnson,robertwebb@example.net,5,Both Write,5,Peace,1,140.03,140.03,140.03
258,2024-04-22,168,Karen Christensen,vazquezjeremy@example.org,212,Energy Usually,12,Who,1,164.83,164.83,1841.85
258,2024-04-22,168,Karen Christensen,vazquezjeremy@example.org,262,Appear Spend,8,Nor,1,491.42,491.42,1841.85
258,2024-04-22,168,Karen Christensen,vazquezjeremy@example.org,113,Song Describe,3,One,4,282.53,1130.12,1841.85
258,2024-04-22,168,Karen Christensen,vazquezjeremy@example.org,51,Attention Local,7,Phone,2,27.74,55.48,1841.85
259,2024-01-11,143,Darren Leon,matthew89@example.com,112,Professional Defense,16,The,3,483.26,1449.78,2401.26
259,2024-01-11,143,Darren Leon,matthew89@example.com,224,Either Itself,19,Different,3,317.16,951.48,2401.26
260,2025-10-15,130,Kristie Mcmillan,kristina16@example.org,300,Difference Discover,15,Hour,1,296.73,296.73,1655.52
260,2025-10-15,130,Kristie Mcmillan,kristina16@example.org,234,Capital Make,18,Strong,3,18.32,54.96,1655.52
260,2025-10-15,130,Kristie Mcmillan,kristina16@example.org,6,Plan Discussion,7,Phone,3,434.61,1303.83,1655.52
261,2024-07-08,135,Jon Freeman,jim08@example.net,110,Move Network,17,Support,2,203.55,407.1,604.06
261,2024-07-08,135,Jon Freeman,jim08@example.net,117,Generation Dinner,17,Support,2,52.76,105.52,604.06
261,2024-07-08,135,Jon Freeman,jim08@example.net,74,Full Camera,18,Strong,1,91.44,91.44,604.06
262,2023-11-14,153,Erica Hood,bryantmelvin@example.org,270,Hair Card,8,Nor,3,185.64,556.92,5124.34
262,2023-11-14,153,Erica Hood,bryantmelvin@example.org,268,We Lawyer,1,Have,2,197.51,395.02,5124.34
262,2023-11-14,153,Erica Hood,bryantmelvin@example.org,262,Appear Spend,8,Nor,4,491.42,1965.68,5124.34
262,2023-11-14,153,Erica Hood,bryantmelvin@example.org,217,Receive Them,14,Break,4,267.58,1070.32,5124.34
262,2023-11-14,153,Erica Hood,bryantmelvin@example.org,249,Fill Show,6,Several,3,378.8,1136.4,5124.34
263,2025-11-05,52,Emily Mays,angelazimmerman@example.com,77,Represent Similar,19,Different,1,163.15,163.15,679.13
263,2025-11-05,52,Emily Mays,angelazimmerman@example.com,93,Help Exist,12,Who,1,419.91,419.91,679.13
263,2025-11-05,52,Emily Mays,angelazimmerman@example.com,173,Water Option,20,Mind,1,96.07,96.07,679.13
264,2023-11-16,72,Cody Davis,elizabeth77@example.net,144,Teacher Peace,17,Support,3,16.99,50.97,1340.19
264,2023-11-16,72,Cody Davis,elizabeth77@example.net,125,General Respond,4,Choice,1,259.56,259.56,1340.19
264,2023-11-16,72,Cody Davis,elizabeth77@example.net,121,Four Eye,20,Mind,3,343.22,1029.66,1340.19
265,2024-02-19,52,Emily Mays,angelazimmerman@example.com,73,Establish Movie,12,Who,2,421.52,843.04,2307.22
265,2024-02-19,52,Emily Mays,angelazimmerman@example.com,30,Author Indicate,20,Mind,3,420.92,1262.76,2307.22
265,2024-02-19,52,Emily Mays,angelazimmerman@example.com,67,Actually Difficult,19,Different,2,100.71,201.42,2307.22
266,2024-06-07,145,Kimberly Wallace,ayersalicia@example.org,94,Firm No,15,Hour,4,180.73,722.92,1131.96
266,2024-06-07,145,Kimberly Wallace,ayersalicia@example.org,180,Level Catch,15,Hour,2,204.52,409.04,1131.96
267,2025-06-21,21,Jeremy Gill,craiggonzalez@example.net,93,Help Exist,12,Who,1,419.91,419.91,803.24
267,2025-06-21,21,Jeremy Gill,craiggonzalez@example.net,210,Total Everyone,13,Past,1,383.33,383.33,803.24
268,2024-02-29,169,Stephanie Bonilla PhD,sgray@example.org,47,Recently Anyone,9,Wind,4,142.72,570.88,3549.08
268,2024-02-29,169,Stephanie Bonilla PhD,sgray@example.org,141,Since Lot,1,Have,2,345.3,690.6,3549.08
268,2024-02-29,169,Stephanie Bonilla PhD,sgray@example.org,238,Figure A,17,Support,4,171.77,687.08,3549.08
268,2024-02-29,169,Stephanie Bonilla PhD,sgray@example.org,138,Probably Officer,1,Have,4,264.31,1057.24,3549.08
268,2024-02-29,169,Stephanie Bonilla PhD,sgray@example.org,68,Church Huge,5,Peace,4,135.82,543.28,3549.08
269,2024-10-18,53,Frank Montgomery,kevinreed@example.com,271,Worry Medical,18,Strong,4,352.09,1408.36,2013.85
269,2024-10-18,53,Frank Montgomery,kevinreed@example.com,20,Lead Contain,6,Several,1,189.84,189.84,2013.85
269,2024-10-18,53,Frank Montgomery,kevinreed@example.com,98,Born Near,7,Phone,1,367.23,367.23,2013.85
269,2024-10-18,53,Frank Montgomery,kevinreed@example.com,63,Describe Little,17,Support,2,24.21,48.42,2013.85
270,2025-08-25,98,Angela Bradley,jonathan96@example.org,77,Represent Similar,19,Different,2,163.15,326.3,1757.02
270,2025-08-25,98,Angela Bradley,jonathan96@example.org,69,Blue Answer,7,Phone,4,70.13,280.52,1757.02
270,2025-08-25,98,Angela Bradley,jonathan96@example.org,176,Federal Pattern,10,President,3,355.92,1067.76,1757.02
270,2025-08-25,98,Angela Bradley,jonathan96@example.org,8,Buy Try,4,Choice,4,20.61,82.44,1757.02
271,2025-08-04,174,Hannah Newman,mark56@example.com,119,South Act,15,Hour,1,384.12,384.12,853.61
271,2025-08-04,174,Hannah Newman,mark56@example.com,172,Join Listen,5,Peace,2,212.91,425.82,853.61
271,2025-08-04,174,Hannah Newman,mark56@example.com,177,Former Truth,4,Choice,1,43.67,43.67,853.61
272,2024-06-22,162,Kevin Clark,curtis32@example.com,194,Guy Director,8,Nor,2,215.51,431.02,3948.13
272,2024-06-22,162,Kevin Clark,curtis32@example.com,256,Tell Behavior,14,Break,4,197.05,788.2,3948.13
272,2024-06-22,162,Kevin Clark,curtis32@example.com,294,Whether Value,1,Have,4,455.57,1822.28,3948.13
272,2024-06-22,162,Kevin Clark,curtis32@example.com,86,Up Form,15,Hour,4,7.44,29.76,3948.13
272,2024-06-22,162,Kevin Clark,curtis32@example.com,253,Tell Miss,19,Different,3,292.29,876.8700000000001,3948.13
273,2024-01-16,154,Elizabeth Griffin,juliajackson@example.com,51,Attention Local,7,Phone,1,27.74,27.74,27.74
274,2024-06-18,133,Brittany Preston,egilbert@example.com,184,See Fund,5,Peace,3,205.93,617.79,617.79
275,2024-10-18,192,Melissa Obrien,sherry24@example.net,298,Today Unit,14,Break,2,296.11,592.22,2006.9
275,2024-10-18,192,Melissa Obrien,sherry24@example.net,245,As Figure,9,Wind,4,353.67,1414.68,2006.9
276,2025-09-22,182,Raymond Taylor,williemorris@example.com,54,School Ball,8,Nor,4,192.76,771.04,771.04
277,2024-05-14,170,Howard Munoz,smithdaniel@example.net,232,Feel End,6,Several,1,495.28,495.28,928.73
277,2024-05-14,170,Howard Munoz,smithdaniel@example.net,82,Protect Want,2,Deal,1,433.45,433.45,928.73
278,2025-11-13,100,Mrs. Tracy Cook,davidweaver@example.com,137,Arm Base,6,Several,3,232.08,696.24,1456.6
278,2025-11-13,100,Mrs. Tracy Cook,davidweaver@example.com,244,Occur Traditional,7,Phone,2,380.18,760.36,1456.6
279,2025-06-11,145,Kimberly Wallace,ayersalicia@example.org,281,President Scientist,13,Past,3,258.78,776.3399999999999,2860.38
279,2025-06-11,145,Kimberly Wallace,ayersalicia@example.org,280,Response Somebody,18,Strong,3,269.57,808.71,2860.38
279,2025-06-11,145,Kimberly Wallace,ayersalicia@example.org,52,Call Affect,18,Strong,1,497.65,497.65,2860.38
279,2025-06-11,145,Kimberly Wallace,ayersalicia@example.org,272,Detail Occur,16,The,4,194.42,777.68,2860.38
280,2024-04-12,66,Andrea Carr,nataliecraig@example.org,169,Wrong Stop,7,Phone,1,442.09,442.09,6125.55
280,2024-04-12,66,Andrea Carr,nataliecraig@example.org,215,Hold Ago,1,Have,3,319.62,958.86,6125.55
280,2024-04-12,66,Andrea Carr,nataliecraig@example.org,57,Leg Difficult,15,Hour,4,407.43,1629.72,6125.55
280,2024-04-12,66,Andrea Carr,nataliecraig@example.org,73,Establish Movie,12,Who,4,421.52,1686.08,6125.55
280,2024-04-12,66,Andrea Carr,nataliecraig@example.org,196,Community Bill,9,Wind,3,469.6,1408.8000000000002,6125.55
281,2025-06-05,2,Roger Young,butlerjerry@example.com,79,Unit Could,10,President,2,181.67,363.34,1177.16
281,2025-06-05,2,Roger Young,butlerjerry@example.com,48,Drug Scientist,16,The,4,31.37,125.48,1177.16
281,2025-06-05,2,Roger Young,butlerjerry@example.com,149,Around Away,14,Break,2,344.17,688.34,1177.16
282,2025-03-27,8,Samantha Benjamin,dustingray@example.com,268,We Lawyer,1,Have,2,197.51,395.02,2134.47
282,2025-03-27,8,Samantha Benjamin,dustingray@example.com,169,Wrong Stop,7,Phone,2,442.09,884.18,2134.47
282,2025-03-27,8,Samantha Benjamin,dustingray@example.com,27,North Man,4,Choice,3,285.09,855.27,2134.47
283,2024-11-01,62,Kristy Richmond,bowersstacey@example.com,196,Community Bill,9,Wind,4,469.6,1878.4,1972.51
283,2024-11-01,62,Kristy Richmond,bowersstacey@example.com,48,Drug Scientist,16,The,3,31.37,94.11,1972.51
284,2024-08-07,151,Megan Simpson,devon28@example.net,45,Keep Response,8,Nor,1,297.97,297.97,2015.35
284,2024-08-07,151,Megan Simpson,devon28@example.net,46,Like Professor,9,Wind,2,159.21,318.42,2015.35
284,2024-08-07,151,Megan Simpson,devon28@example.net,140,World Garden,16,The,4,71.64,286.56,2015.35
284,2024-08-07,151,Megan Simpson,devon28@example.net,159,West Wind,4,Choice,4,278.1,1112.4,2015.35
285,2025-01-09,107,Allen Lang,bjordan@example.net,291,Imagine Indeed,18,Strong,4,181.18,724.72,724.72
286,2024-11-22,200,Alejandra Fitzgerald,ellisonhoward@example.org,167,Central Music,17,Support,4,76.86,307.44,307.44
287,2024-01-11,93,Hannah Graham,cpeters@example.com,253,Tell Miss,19,Different,2,292.29,584.58,1144.7
287,2024-01-11,93,Hannah Graham,cpeters@example.com,5,Both Write,5,Peace,4,140.03,560.12,1144.7
288,2025-06-20,30,Jennifer King,rosstroy@example.org,224,Either Itself,19,Different,3,317.16,951.48,2177.7
288,2025-06-20,30,Jennifer King,rosstroy@example.org,276,Indeed Day,14,Break,1,82.3,82.3,2177.7
288,2025-06-20,30,Jennifer King,rosstroy@example.org,192,Art Understand,15,Hour,2,115.13,230.26,2177.7
288,2025-06-20,30,Jennifer King,rosstroy@example.org,187,Morning Notice,10,President,2,456.83,913.66,2177.7
289,2025-04-08,88,Sandra Gutierrez,daniel33@example.org,280,Response Somebody,18,Strong,2,269.57,539.14,1883.81
289,2025-04-08,88,Sandra Gutierrez,daniel33@example.org,248,Marriage Expect,15,Hour,3,325.9,977.6999999999999,1883.81
289,2025-04-08,88,Sandra Gutierrez,daniel33@example.org,243,Learn Space,19,Different,1,366.97,366.97,1883.81
290,2023-11-29,194,Jennifer Flowers,jennifer21@example.com,187,Morning Notice,10,President,3,456.83,1370.49,4469.45
290,2023-11-29,194,Jennifer Flowers,jennifer21@example.com,257,Keep Image,12,Who,2,108.93,217.86,4469.45
290,2023-11-29,194,Jennifer Flowers,jennifer21@example.com,281,President Scientist,13,Past,4,258.78,1035.12,4469.45
290,2023-11-29,194,Jennifer Flowers,jennifer21@example.com,63,Describe Little,17,Support,2,24.21,48.42,4469.45
290,2023-11-29,194,Jennifer Flowers,jennifer21@example.com,104,Really Rich,7,Phone,4,449.39,1797.56,4469.45
291,2025-04-19,195,Deborah Maldonado,imarsh@example.net,218,Top School,7,Phone,1,26.83,26.83,26.83
292,2025-01-06,92,James Hill,jasminewright@example.com,40,Success Family,1,Have,1,389.12,389.12,1178.15
292,2025-01-06,92,James Hill,jasminewright@example.com,269,Personal Hotel,13,Past,3,263.01,789.03,1178.15
293,2024-09-29,52,Emily Mays,angelazimmerman@example.com,205,Month Interesting,9,Wind,3,47.63,142.89000000000001,1256.14
293,2024-09-29,52,Emily Mays,angelazimmerman@example.com,105,One Itself,4,Choice,3,306.35,919.0500000000001,1256.14
293,2024-09-29,52,Emily Mays,angelazimmerman@example.com,76,Director Standard,14,Break,4,48.55,194.2,1256.14
294,2025-10-21,41,Christopher Garcia,keithturner@example.com,187,Morning Notice,10,President,1,456.83,456.83,1441.37
294,2025-10-21,41,Christopher Garcia,keithturner@example.com,231,Travel Strong,5,Peace,1,84.5,84.5,1441.37
294,2025-10-21,41,Christopher Garcia,keithturner@example.com,132,Wind Glass,18,Strong,2,450.02,900.04,1441.37
295,2025-06-21,148,Randy Taylor,whitedavid@example.org,4,Field Subject,4,Choice,4,187.68,750.72,1744.24
295,2025-06-21,148,Randy Taylor,whitedavid@example.org,149,Around Away,14,Break,2,344.17,688.34,1744.24
295,2025-06-21,148,Randy Taylor,whitedavid@example.org,114,Focus Early,15,Hour,2,152.59,305.18,1744.24
296,2024-06-26,131,Dr. Craig Macdonald,jennifer99@example.com,293,Sell Else,4,Choice,3,352.97,1058.91,2044.83
296,2024-06-26,131,Dr. Craig Macdonald,jennifer99@example.com,295,Yard Conference,6,Several,3,328.64,985.92,2044.83
297,2025-10-20,46,Alexander Dickerson,mariagreen@example.net,57,Leg Difficult,15,Hour,4,407.43,1629.72,2333.02
297,2025-10-20,46,Alexander Dickerson,mariagreen@example.net,66,Space Practice,7,Phone,1,27.28,27.28,2333.02
297,2025-10-20,46,Alexander Dickerson,mariagreen@example.net,134,Simple Thing,3,One,3,225.34,676.02,2333.02
298,2025-04-26,200,Alejandra Fitzgerald,ellisonhoward@example.org,247,Role Per,19,Different,1,97.46,97.46,97.46
299,2025-05-12,158,Jacqueline Barker,gprice@example.org,208,Water Government,19,Different,1,328.57,328.57,415.29
299,2025-05-12,158,Jacqueline Barker,gprice@example.org,115,Prove Make,10,President,2,43.36,86.72,415.29
300,2024-09-12,129,Kathy Ellison,james50@example.org,81,Religious None,18,Strong,2,317.02,634.04,1880.11
300,2024-09-12,129,Kathy Ellison,james50@example.org,55,Result Bad,9,Wind,2,397.85,795.7,1880.11
300,2024-09-12,129,Kathy Ellison,james50@example.org,157,Each Program,11,Young,1,450.37,450.37,1880.11
301,2024-05-30,111,Mary Banks,jacobstanley@example.net,264,Woman Mission,20,Mind,4,177.38,709.52,2669.84
301,2024-05-30,111,Mary Banks,jacobstanley@example.net,231,Travel Strong,5,Peace,3,84.5,253.5,2669.84
301,2024-05-30,111,Mary Banks,jacobstanley@example.net,284,Money Employee,4,Choice,3,355.86,1067.58,2669.84
301,2024-05-30,111,Mary Banks,jacobstanley@example.net,215,Hold Ago,1,Have,2,319.62,639.24,2669.84
302,2024-07-08,166,Kristy Smith,stevensbrandon@example.org,188,Student Sign,1,Have,3,278.13,834.39,855.23
302,2024-07-08,166,Kristy Smith,stevensbrandon@example.org,39,Form Pull,4,Choice,1,20.84,20.84,855.23
303,2023-12-03,5,Michael Chang,kellychad@example.net,26,Guy Itself,12,Who,3,441.62,1324.8600000000001,1602.96
303,2023-12-03,5,Michael Chang,kellychad@example.net,159,West Wind,4,Choice,1,278.1,278.1,1602.96
304,2024-12-18,111,Mary Banks,jacobstanley@example.net,11,Father Hope,9,Wind,1,445.65,445.65,3894.89
304,2024-12-18,111,Mary Banks,jacobstanley@example.net,260,Important Forward,15,Hour,1,282.09,282.09,3894.89
304,2024-12-18,111,Mary Banks,jacobstanley@example.net,225,Onto Imagine,15,Hour,4,490.77,1963.08,3894.89
304,2024-12-18,111,Mary Banks,jacobstanley@example.net,98,Born Near,7,Phone,1,367.23,367.23,3894.89
304,2024-12-18,111,Mary Banks,jacobstanley@example.net,19,Ten Establish,19,Different,4,209.21,836.84,3894.89
305,2024-12-27,61,Henry Hogan,johnortiz@example.net,261,Century Herself,7,Phone,2,432.34,864.68,1838.77
305,2024-12-27,61,Henry Hogan,johnortiz@example.net,298,Today Unit,14,Break,2,296.11,592.22,1838.77
305,2024-12-27,61,Henry Hogan,johnortiz@example.net,127,Their South,11,Young,3,127.29,381.87,1838.77
306,2023-11-29,153,Erica Hood,bryantmelvin@example.org,137,Arm Base,6,Several,3,232.08,696.24,696.24
307,2025-04-21,125,Emily Peterson,misty86@example.com,266,Second With,2,Deal,3,371.78,1115.34,2203.31
307,2025-04-21,125,Emily Peterson,misty86@example.com,246,Plant Small,11,Young,2,307.59,615.18,2203.31
307,2025-04-21,125,Emily Peterson,misty86@example.com,21,Work Soldier,15,Hour,1,472.79,472.79,2203.31
308,2025-05-01,71,Robin White,johnsonelizabeth@example.com,26,Guy Itself,12,Who,1,441.62,441.62,771.19
308,2025-05-01,71,Robin White,johnsonelizabeth@example.com,15,Fact Few,8,Nor,1,329.57,329.57,771.19
309,2024-09-06,49,Joseph Anderson,oross@example.com,52,Call Affect,18,Strong,2,497.65,995.3,4224.33
309,2024-09-06,49,Joseph Anderson,oross@example.com,135,Establish Heavy,16,The,3,342.38,1027.1399999999999,4224.33
309,2024-09-06,49,Joseph Anderson,oross@example.com,221,Suffer City,20,Mind,3,227.07,681.21,4224.33
309,2024-09-06,49,Joseph Anderson,oross@example.com,181,Soldier It,19,Different,1,290.32,290.32,4224.33
309,2024-09-06,49,Joseph Anderson,oross@example.com,246,Plant Small,11,Young,4,307.59,1230.36,4224.33
310,2024-10-03,149,Joan Dickerson,rebeccabarton@example.org,81,Religious None,18,Strong,2,317.02,634.04,634.04
311,2024-03-13,32,Jacob Benton,jordan57@example.com,217,Receive Them,14,Break,1,267.58,267.58,2492.85
311,2024-03-13,32,Jacob Benton,jordan57@example.com,190,Lawyer Head,1,Have,4,424.43,1697.72,2492.85
311,2024-03-13,32,Jacob Benton,jordan57@example.com,263,Onto Require,5,Peace,3,175.85,527.55,2492.85
312,2025-05-06,10,John Woodard MD,michael82@example.com,172,Join Listen,5,Peace,1,212.91,212.91,664.49
312,2025-05-06,10,John Woodard MD,michael82@example.com,99,Culture Big,6,Several,1,67.3,67.3,664.49
312,2025-05-06,10,John Woodard MD,michael82@example.com,173,Water Option,20,Mind,4,96.07,384.28,664.49
313,2024-11-18,40,Amber Anderson,singhrobert@example.net,21,Work Soldier,15,Hour,1,472.79,472.79,3947.71
313,2024-11-18,40,Amber Anderson,singhrobert@example.net,50,Scientist Show,13,Past,4,310.72,1242.88,3947.71
313,2024-11-18,40,Amber Anderson,singhrobert@example.net,208,Water Government,19,Different,2,328.57,657.14,3947.71
313,2024-11-18,40,Amber Anderson,singhrobert@example.net,262,Appear Spend,8,Nor,3,491.42,1474.26,3947.71
313,2024-11-18,40,Amber Anderson,singhrobert@example.net,160,See Item,18,Strong,4,25.16,100.64,3947.71
314,2025-04-30,89,Brett Mitchell,aramirez@example.com,50,Scientist Show,13,Past,3,310.72,932.1600000000001,932.16
315,2024-05-09,11,Jennifer Rodriguez,robin21@example.com,187,Morning Notice,10,President,4,456.83,1827.32,5168.96
315,2024-05-09,11,Jennifer Rodriguez,robin21@example.com,27,North Man,4,Choice,3,285.09,855.27,5168.96
315,2024-05-09,11,Jennifer Rodriguez,robin21@example.com,175,General Those,15,Hour,3,483.49,1450.47,5168.96
315,2024-05-09,11,Jennifer Rodriguez,robin21@example.com,141,Since Lot,1,Have,3,345.3,1035.9,5168.96
316,2024-01-22,6,Richard Moss,ushannon@example.net,254,Cultural Responsibility,15,Hour,2,232.7,465.4,627.4
316,2024-01-22,6,Richard Moss,ushannon@example.net,14,Thank Question,5,Peace,2,81.0,162.0,627.4
317,2024-01-13,145,Kimberly Wallace,ayersalicia@example.org,56,Hit Clear,4,Choice,4,61.81,247.24,649.75
317,2024-01-13,145,Kimberly Wallace,ayersalicia@example.org,54,School Ball,8,Nor,2,192.76,385.52,649.75
317,2024-01-13,145,Kimberly Wallace,ayersalicia@example.org,144,Teacher Peace,17,Support,1,16.99,16.99,649.75
318,2025-03-20,92,James Hill,jasminewright@example.com,234,Capital Make,18,Strong,1,18.32,18.32,18.32
319,2025-05-28,109,Rodney Anderson,garciarussell@example.net,48,Drug Scientist,16,The,3,31.37,94.11,1085.79
319,2025-05-28,109,Rodney Anderson,garciarussell@example.net,252,Travel Avoid,12,Who,3,24.12,72.36,1085.79
319,2025-05-28,109,Rodney Anderson,garciarussell@example.net,180,Level Catch,15,Hour,1,204.52,204.52,1085.79
319,2025-05-28,109,Rodney Anderson,garciarussell@example.net,178,Prevent Home,6,Several,2,357.4,714.8,1085.79
320,2024-09-25,135,Jon Freeman,jim08@example.net,92,Everyone Also,9,Wind,4,228.98,915.92,1872.64
320,2024-09-25,135,Jon Freeman,jim08@example.net,288,Several Bill,18,Strong,2,342.54,685.08,1872.64
320,2024-09-25,135,Jon Freeman,jim08@example.net,68,Church Huge,5,Peace,2,135.82,271.64,1872.64
321,2025-06-13,65,Dylan Walker,edward17@example.com,212,Energy Usually,12,Who,2,164.83,329.66,1089.28
321,2025-06-13,65,Dylan Walker,edward17@example.com,19,Ten Establish,19,Different,2,209.21,418.42,1089.28
321,2025-06-13,65,Dylan Walker,edward17@example.com,207,Skin Fly,17,Support,1,341.2,341.2,1089.28
322,2024-07-05,45,Debra Schroeder,laurieclark@example.com,117,Generation Dinner,17,Support,2,52.76,105.52,1948.09
322,2024-07-05,45,Debra Schroeder,laurieclark@example.com,277,Oil Stay,10,President,4,146.65,586.6,1948.09
322,2024-07-05,45,Debra Schroeder,laurieclark@example.com,96,See Want,4,Choice,1,484.16,484.16,1948.09
322,2024-07-05,45,Debra Schroeder,laurieclark@example.com,82,Protect Want,2,Deal,1,433.45,433.45,1948.09
322,2024-07-05,45,Debra Schroeder,laurieclark@example.com,164,History Involve,2,Deal,1,338.36,338.36,1948.09
323,2024-08-17,114,Rachel Wilson,sherriperkins@example.com,43,Bad Cultural,20,Mind,3,495.01,1485.03,2175.83
323,2024-08-17,114,Rachel Wilson,sherriperkins@example.com,100,Mission Many,13,Past,2,345.4,690.8,2175.83
324,2025-01-20,79,Frank Castillo,smarshall@example.com,54,School Ball,8,Nor,1,192.76,192.76,604.12
324,2025-01-20,79,Frank Castillo,smarshall@example.com,13,Approach Politics,9,Wind,4,102.84,411.36,604.12
325,2025-06-01,179,Nancy Wilson,elizabeth54@example.com,20,Lead Contain,6,Several,4,189.84,759.36,759.36
326,2023-12-21,159,Abigail Stevens,heatherquinn@example.net,244,Occur Traditional,7,Phone,4,380.18,1520.72,1520.72
327,2025-10-12,114,Rachel Wilson,sherriperkins@example.com,119,South Act,15,Hour,2,384.12,768.24,768.24
328,2025-08-30,170,Howard Munoz,smithdaniel@example.net,249,Fill Show,6,Several,1,378.8,378.8,2661.6
328,2025-08-30,170,Howard Munoz,smithdaniel@example.net,206,Seat Town,10,President,3,415.22,1245.66,2661.6
328,2025-08-30,170,Howard Munoz,smithdaniel@example.net,78,Woman Worker,1,Have,4,224.22,896.88,2661.6
328,2025-08-30,170,Howard Munoz,smithdaniel@example.net,69,Blue Answer,7,Phone,2,70.13,140.26,2661.6
329,2025-11-07,101,Christopher Wilson,johnsonmatthew@example.com,4,Field Subject,4,Choice,1,187.68,187.68,2782.99
329,2025-11-07,101,Christopher Wilson,johnsonmatthew@example.com,300,Difference Discover,15,Hour,3,296.73,890.19,2782.99
329,2025-11-07,101,Christopher Wilson,johnsonmatthew@example.com,31,Effect Character,7,Phone,4,22.44,89.76,2782.99
329,2025-11-07,101,Christopher Wilson,johnsonmatthew@example.com,287,Would Real,6,Several,4,403.84,1615.36,2782.99
330,2025-04-24,71,Robin White,johnsonelizabeth@example.com,112,Professional Defense,16,The,2,483.26,966.52,2662.51
330,2025-04-24,71,Robin White,johnsonelizabeth@example.com,282,Other Be,8,Nor,3,191.67,575.01,2662.51
330,2025-04-24,71,Robin White,johnsonelizabeth@example.com,117,Generation Dinner,17,Support,3,52.76,158.28,2662.51
330,2025-04-24,71,Robin White,johnsonelizabeth@example.com,95,Song Color,11,Young,3,320.9,962.6999999999999,2662.51
331,2024-07-01,49,Joseph Anderson,oross@example.com,162,Song Believe,18,Strong,2,195.38,390.76,893.28
331,2024-07-01,49,Joseph Anderson,oross@example.com,156,Keep Wall,18,Strong,3,159.96,479.88,893.28
331,2024-07-01,49,Joseph Anderson,oross@example.com,146,Democratic Want,1,Have,1,22.64,22.64,893.28
332,2025-08-18,45,Debra Schroeder,laurieclark@example.com,290,Likely Concern,13,Past,4,132.55,530.2,1867.53
332,2025-08-18,45,Debra Schroeder,laurieclark@example.com,95,Song Color,11,Young,3,320.9,962.6999999999999,1867.53
332,2025-08-18,45,Debra Schroeder,laurieclark@example.com,236,Play One,1,Have,1,374.63,374.63,1867.53
333,2024-11-11,183,Robert Roberts,tracy18@example.com,286,During Challenge,18,Strong,3,241.31,723.9300000000001,1760.73
333,2024-11-11,183,Robert Roberts,tracy18@example.com,107,Bar Also,6,Several,3,345.6,1036.8000000000002,1760.73
334,2025-03-29,163,Lindsay Crawford,antoniocoleman@example.com,169,Wrong Stop,7,Phone,1,442.09,442.09,5445.97
334,2025-03-29,163,Lindsay Crawford,antoniocoleman@example.com,186,Sort Animal,8,Nor,4,290.59,1162.36,5445.97
334,2025-03-29,163,Lindsay Crawford,antoniocoleman@example.com,82,Protect Want,2,Deal,4,433.45,1733.8,5445.97
334,2025-03-29,163,Lindsay Crawford,antoniocoleman@example.com,294,Whether Value,1,Have,4,455.57,1822.28,5445.97
334,2025-03-29,163,Lindsay Crawford,antoniocoleman@example.com,47,Recently Anyone,9,Wind,2,142.72,285.44,5445.97
335,2023-12-03,141,Nathaniel Pierce,kinggeorge@example.com,57,Leg Difficult,15,Hour,2,407.43,814.86,814.86
336,2024-04-20,36,Cindy Rodriguez,fordjeffery@example.org,268,We Lawyer,1,Have,3,197.51,592.53,930.53
336,2024-04-20,36,Cindy Rodriguez,fordjeffery@example.org,231,Travel Strong,5,Peace,4,84.5,338.0,930.53
337,2025-10-23,144,Marilyn Walker,lisanoble@example.com,295,Yard Conference,6,Several,1,328.64,328.64,736.9
337,2025-10-23,144,Marilyn Walker,lisanoble@example.com,151,Maybe Community,3,One,3,40.03,120.09,736.9
337,2025-10-23,144,Marilyn Walker,lisanoble@example.com,237,Wait Five,1,Have,1,288.17,288.17,736.9
338,2024-08-15,140,Mark Martinez,juliemyers@example.net,250,Your Physical,7,Phone,1,409.73,409.73,409.73
339,2023-12-09,190,Patrick Palmer,joshua72@example.com,5,Both Write,5,Peace,1,140.03,140.03,140.03
340,2024-11-12,99,Johnny Hernandez,bartonchristian@example.net,8,Buy Try,4,Choice,3,20.61,61.83,369.42
340,2024-11-12,99,Johnny Hernandez,bartonchristian@example.net,246,Plant Small,11,Young,1,307.59,307.59,369.42
341,2023-11-25,30,Jennifer King,rosstroy@example.org,22,Leave Leader,14,Break,3,155.35,466.04999999999995,4576.33
341,2023-11-25,30,Jennifer King,rosstroy@example.org,31,Effect Character,7,Phone,4,22.44,89.76,4576.33
341,2023-11-25,30,Jennifer King,rosstroy@example.org,26,Guy Itself,12,Who,4,441.62,1766.48,4576.33
341,2023-11-25,30,Jennifer King,rosstroy@example.org,141,Since Lot,1,Have,4,345.3,1381.2,4576.33
341,2023-11-25,30,Jennifer King,rosstroy@example.org,283,Two Bar,1,Have,4,218.21,872.84,4576.33
342,2025-06-01,131,Dr. Craig Macdonald,jennifer99@example.com,35,Join Woman,4,Choice,4,29.96,119.84,1701.62
342,2025-06-01,131,Dr. Craig Macdonald,jennifer99@example.com,249,Fill Show,6,Several,2,378.8,757.6,1701.62
342,2025-06-01,131,Dr. Craig Macdonald,jennifer99@example.com,191,Trial Too,18,Strong,2,66.79,133.58,1701.62
342,2025-06-01,131,Dr. Craig Macdonald,jennifer99@example.com,141,Since Lot,1,Have,2,345.3,690.6,1701.62
343,2024-10-12,166,Kristy Smith,stevensbrandon@example.org,115,Prove Make,10,President,3,43.36,130.07999999999998,130.08
344,2025-10-15,62,Kristy Richmond,bowersstacey@example.com,156,Keep Wall,18,Strong,1,159.96,159.96,1526.67
344,2025-10-15,62,Kristy Richmond,bowersstacey@example.com,294,Whether Value,1,Have,3,455.57,1366.71,1526.67
345,2025-04-13,136,Teresa Baker,amoore@example.com,65,Benefit Real,4,Choice,4,488.07,1952.28,4194.41
345,2025-04-13,136,Teresa Baker,amoore@example.com,170,Miss Different,14,Break,2,233.22,466.44,4194.41
345,2025-04-13,136,Teresa Baker,amoore@example.com,175,General Those,15,Hour,2,483.49,966.98,4194.41
345,2025-04-13,136,Teresa Baker,amoore@example.com,280,Response Somebody,18,Strong,3,269.57,808.71,4194.41
346,2024-06-06,18,Chelsea White,ortizderek@example.org,90,Carry My,18,Strong,1,463.35,463.35,2042.73
346,2024-06-06,18,Chelsea White,ortizderek@example.org,135,Establish Heavy,16,The,3,342.38,1027.1399999999999,2042.73
346,2024-06-06,18,Chelsea White,ortizderek@example.org,258,Daughter Return,11,Young,2,276.12,552.24,2042.73
347,2024-05-27,157,Elizabeth Owens,carriehoward@example.net,127,Their South,11,Young,3,127.29,381.87,2202.8
347,2024-05-27,157,Elizabeth Owens,carriehoward@example.net,250,Your Physical,7,Phone,4,409.73,1638.92,2202.8
347,2024-05-27,157,Elizabeth Owens,carriehoward@example.net,38,Girl Pattern,3,One,1,182.01,182.01,2202.8
348,2025-04-21,180,Michelle Davis,morganjared@example.com,172,Join Listen,5,Peace,4,212.91,851.64,1084.34
348,2025-04-21,180,Michelle Davis,morganjared@example.com,254,Cultural Responsibility,15,Hour,1,232.7,232.7,1084.34
349,2025-04-19,156,Mackenzie Alvarado,ballardrobert@example.com,23,Occur Still,15,Hour,2,312.59,625.18,1611.29
349,2025-04-19,156,Mackenzie Alvarado,ballardrobert@example.com,212,Energy Usually,12,Who,4,164.83,659.32,1611.29
349,2025-04-19,156,Mackenzie Alvarado,ballardrobert@example.com,257,Keep Image,12,Who,3,108.93,326.79,1611.29
350,2025-04-26,107,Allen Lang,bjordan@example.net,281,President Scientist,13,Past,4,258.78,1035.12,5870.11
350,2025-04-26,107,Allen Lang,bjordan@example.net,141,Since Lot,1,Have,2,345.3,690.6,5870.11
350,2025-04-26,107,Allen Lang,bjordan@example.net,30,Author Indicate,20,Mind,4,420.92,1683.68,5870.11
350,2025-04-26,107,Allen Lang,bjordan@example.net,58,Green Information,16,The,4,479.63,1918.52,5870.11
350,2025-04-26,107,Allen Lang,bjordan@example.net,94,Firm No,15,Hour,3,180.73,542.1899999999999,5870.11
351,2025-10-31,61,Henry Hogan,johnortiz@example.net,236,Play One,1,Have,1,374.63,374.63,3502.64
351,2025-10-31,61,Henry Hogan,johnortiz@example.net,190,Lawyer Head,1,Have,3,424.43,1273.29,3502.64
351,2025-10-31,61,Henry Hogan,johnortiz@example.net,277,Oil Stay,10,President,1,146.65,146.65,3502.64
351,2025-10-31,61,Henry Hogan,johnortiz@example.net,289,Fight Assume,10,President,2,337.78,675.56,3502.64
351,2025-10-31,61,Henry Hogan,johnortiz@example.net,149,Around Away,14,Break,3,344.17,1032.51,3502.64
352,2024-08-23,157,Elizabeth Owens,carriehoward@example.net,51,Attention Local,7,Phone,1,27.74,27.74,27.74
353,2025-06-28,139,Jamie Steele,moorejackson@example.net,221,Suffer City,20,Mind,4,227.07,908.28,908.28
354,2025-08-09,161,Matthew Baldwin,dconner@example.com,186,Sort Animal,8,Nor,1,290.59,290.59,1545.28
354,2025-08-09,161,Matthew Baldwin,dconner@example.com,40,Success Family,1,Have,1,389.12,389.12,1545.28
354,2025-08-09,161,Matthew Baldwin,dconner@example.com,49,Really However,17,Support,1,344.28,344.28,1545.28
354,2025-08-09,161,Matthew Baldwin,dconner@example.com,111,Compare Media,15,Hour,3,133.57,400.71,1545.28
354,2025-08-09,161,Matthew Baldwin,dconner@example.com,80,Provide Fight,8,Nor,1,120.58,120.58,1545.28
355,2025-04-16,123,Ryan Johnson,alexandra88@example.org,217,Receive Them,14,Break,3,267.58,802.74,4075.39
355,2025-04-16,123,Ryan Johnson,alexandra88@example.org,11,Father Hope,9,Wind,2,445.65,891.3,4075.39
355,2025-04-16,123,Ryan Johnson,alexandra88@example.org,204,Civil Officer,5,Peace,1,404.78,404.78,4075.39
355,2025-04-16,123,Ryan Johnson,alexandra88@example.org,5,Both Write,5,Peace,3,140.03,420.09000000000003,4075.39
355,2025-04-16,123,Ryan Johnson,alexandra88@example.org,40,Success Family,1,Have,4,389.12,1556.48,4075.39
356,2024-12-19,189,Kyle Berry,andrewshah@example.net,29,Possible Bring,3,One,4,267.32,1069.28,1069.28
357,2025-09-19,5,Michael Chang,kellychad@example.net,77,Represent Similar,19,Different,1,163.15,163.15,163.15
358,2024-12-21,188,Phyllis Floyd,tsimmons@example.com,41,Traditional Image,1,Have,4,254.19,1016.76,1016.76
359,2023-12-19,177,Paul Wallace,christophermunoz@example.net,254,Cultural Responsibility,15,Hour,1,232.7,232.7,2895.32
359,2023-12-19,177,Paul Wallace,christophermunoz@example.net,299,Feel Meeting,12,Who,2,140.12,280.24,2895.32
359,2023-12-19,177,Paul Wallace,christophermunoz@example.net,132,Wind Glass,18,Strong,4,450.02,1800.08,2895.32
359,2023-12-19,177,Paul Wallace,christophermunoz@example.net,118,To Debate,8,Nor,2,105.26,210.52,2895.32
359,2023-12-19,177,Paul Wallace,christophermunoz@example.net,266,Second With,2,Deal,1,371.78,371.78,2895.32
360,2024-12-05,188,Phyllis Floyd,tsimmons@example.com,134,Simple Thing,3,One,4,225.34,901.36,973.72
360,2024-12-05,188,Phyllis Floyd,tsimmons@example.com,252,Travel Avoid,12,Who,3,24.12,72.36,973.72
361,2025-08-20,12,Kenneth Holland,george62@example.org,139,Law Near,18,Strong,1,487.38,487.38,2051.62
361,2025-08-20,12,Kenneth Holland,george62@example.org,34,Cultural White,11,Young,1,20.86,20.86,2051.62
361,2025-08-20,12,Kenneth Holland,george62@example.org,46,Like Professor,9,Wind,4,159.21,636.84,2051.62
361,2025-08-20,12,Kenneth Holland,george62@example.org,248,Marriage Expect,15,Hour,1,325.9,325.9,2051.62
361,2025-08-20,12,Kenneth Holland,george62@example.org,181,Soldier It,19,Different,2,290.32,580.64,2051.62
362,2025-11-01,115,Amy James,kelseybush@example.com,272,Detail Occur,16,The,2,194.42,388.84,1631.06
362,2025-11-01,115,Amy James,kelseybush@example.com,83,Total Drop,3,One,2,260.34,520.68,1631.06
362,2025-11-01,115,Amy James,kelseybush@example.com,276,Indeed Day,14,Break,1,82.3,82.3,1631.06
362,2025-11-01,115,Amy James,kelseybush@example.com,215,Hold Ago,1,Have,2,319.62,639.24,1631.06
363,2024-11-24,135,Jon Freeman,jim08@example.net,271,Worry Medical,18,Strong,4,352.09,1408.36,2835.5
363,2024-11-24,135,Jon Freeman,jim08@example.net,178,Prevent Home,6,Several,2,357.4,714.8,2835.5
363,2024-11-24,135,Jon Freeman,jim08@example.net,70,Student Democrat,20,Mind,1,449.78,449.78,2835.5
363,2024-11-24,135,Jon Freeman,jim08@example.net,195,Air Like,15,Hour,4,65.64,262.56,2835.5
364,2025-05-01,175,Paul Howard,handerson@example.org,18,Food Responsibility,2,Deal,1,112.07,112.07,3036.86
364,2025-05-01,175,Paul Howard,handerson@example.org,26,Guy Itself,12,Who,3,441.62,1324.8600000000001,3036.86
364,2025-05-01,175,Paul Howard,handerson@example.org,282,Other Be,8,Nor,3,191.67,575.01,3036.86
364,2025-05-01,175,Paul Howard,handerson@example.org,177,Former Truth,4,Choice,3,43.67,131.01,3036.86
364,2025-05-01,175,Paul Howard,handerson@example.org,45,Keep Response,8,Nor,3,297.97,893.9100000000001,3036.86
365,2024-02-08,78,Richard Smith,joseph57@example.com,67,Actually Difficult,19,Different,1,100.71,100.71,100.71
366,2025-08-16,174,Hannah Newman,mark56@example.com,285,Increase Behind,11,Young,4,71.22,284.88,465.43
366,2025-08-16,174,Hannah Newman,mark56@example.com,218,Top School,7,Phone,1,26.83,26.83,465.43
366,2025-08-16,174,Hannah Newman,mark56@example.com,167,Central Music,17,Support,2,76.86,153.72,465.43
367,2023-12-01,5,Michael Chang,kellychad@example.net,115,Prove Make,10,President,3,43.36,130.07999999999998,1924.12
367,2023-12-01,5,Michael Chang,kellychad@example.net,278,Large Fill,8,Nor,4,448.51,1794.04,1924.12
368,2025-06-19,32,Jacob Benton,jordan57@example.com,253,Tell Miss,19,Different,3,292.29,876.8700000000001,876.87
369,2024-01-25,97,Michele Swanson,jessica44@example.net,187,Morning Notice,10,President,2,456.83,913.66,1367.8
369,2024-01-25,97,Michele Swanson,jessica44@example.net,221,Suffer City,20,Mind,2,227.07,454.14,1367.8
370,2024-03-30,45,Debra Schroeder,laurieclark@example.com,90,Carry My,18,Strong,2,463.35,926.7,1546.08
370,2024-03-30,45,Debra Schroeder,laurieclark@example.com,131,Of Audience,15,Hour,2,309.69,619.38,1546.08
371,2024-01-11,99,Johnny Hernandez,bartonchristian@example.net,27,North Man,4,Choice,3,285.09,855.27,1313.23
371,2024-01-11,99,Johnny Hernandez,bartonchristian@example.net,66,Space Practice,7,Phone,3,27.28,81.84,1313.23
371,2024-01-11,99,Johnny Hernandez,bartonchristian@example.net,233,Real It,9,Wind,2,188.06,376.12,1313.23
372,2025-09-16,29,Tanya Ross,lindaallen@example.org,69,Blue Answer,7,Phone,1,70.13,70.13,70.13
373,2024-11-13,14,Dr. Stephanie Cannon,pcraig@example.org,227,West Star,11,Young,3,456.4,1369.1999999999998,1938.72
373,2024-11-13,14,Dr. Stephanie Cannon,pcraig@example.org,20,Lead Contain,6,Several,3,189.84,569.52,1938.72
374,2024-03-08,81,Jordan Tucker,cordovamelissa@example.org,37,Indicate Value,13,Past,3,296.88,890.64,2168.29
374,2024-03-08,81,Jordan Tucker,cordovamelissa@example.org,138,Probably Officer,1,Have,1,264.31,264.31,2168.29
374,2024-03-08,81,Jordan Tucker,cordovamelissa@example.org,289,Fight Assume,10,President,3,337.78,1013.3399999999999,2168.29
375,2025-09-25,36,Cindy Rodriguez,fordjeffery@example.org,136,Itself Green,6,Several,2,117.9,235.8,727.58
375,2025-09-25,36,Cindy Rodriguez,fordjeffery@example.org,162,Song Believe,18,Strong,2,195.38,390.76,727.58
375,2025-09-25,36,Cindy Rodriguez,fordjeffery@example.org,213,Sort Half,18,Strong,2,50.51,101.02,727.58
376,2025-10-07,5,Michael Chang,kellychad@example.net,262,Appear Spend,8,Nor,2,491.42,982.84,3039.64
376,2025-10-07,5,Michael Chang,kellychad@example.net,160,See Item,18,Strong,2,25.16,50.32,3039.64
376,2025-10-07,5,Michael Chang,kellychad@example.net,37,Indicate Value,13,Past,2,296.88,593.76,3039.64
376,2025-10-07,5,Michael Chang,kellychad@example.net,244,Occur Traditional,7,Phone,3,380.18,1140.54,3039.64
376,2025-10-07,5,Michael Chang,kellychad@example.net,174,Tend Music,1,Have,2,136.09,272.18,3039.64
377,2024-09-28,75,Dana Dyer,walkerbruce@example.net,54,School Ball,8,Nor,2,192.76,385.52,936.73
377,2024-09-28,75,Dana Dyer,walkerbruce@example.net,66,Space Practice,7,Phone,4,27.28,109.12,936.73
377,2024-09-28,75,Dana Dyer,walkerbruce@example.net,169,Wrong Stop,7,Phone,1,442.09,442.09,936.73
378,2024-01-06,150,Jill Reese,floydallison@example.org,181,Soldier It,19,Different,4,290.32,1161.28,1657.23
378,2024-01-06,150,Jill Reese,floydallison@example.org,5,Both Write,5,Peace,1,140.03,140.03,1657.23
378,2024-01-06,150,Jill Reese,floydallison@example.org,176,Federal Pattern,10,President,1,355.92,355.92,1657.23
379,2025-10-07,27,Beverly Torres,valenzuelajean@example.org,205,Month Interesting,9,Wind,4,47.63,190.52,190.52
380,2025-02-19,67,Jeffrey Anderson,henrymelissa@example.com,35,Join Woman,4,Choice,4,29.96,119.84,119.84
381,2024-07-30,157,Elizabeth Owens,carriehoward@example.net,213,Sort Half,18,Strong,1,50.51,50.51,1146.21
381,2024-07-30,157,Elizabeth Owens,carriehoward@example.net,44,Remember That,2,Deal,1,60.36,60.36,1146.21
381,2024-07-30,157,Elizabeth Owens,carriehoward@example.net,99,Culture Big,6,Several,2,67.3,134.6,1146.21
381,2024-07-30,157,Elizabeth Owens,carriehoward@example.net,157,Each Program,11,Young,2,450.37,900.74,1146.21
382,2025-09-29,128,Emily Gordon,urandolph@example.com,122,Myself Guy,14,Break,1,315.45,315.45,611.56
382,2025-09-29,128,Emily Gordon,urandolph@example.com,298,Today Unit,14,Break,1,296.11,296.11,611.56
383,2025-03-26,31,Angela Blair,scottmarcus@example.org,238,Figure A,17,Support,4,171.77,687.08,1222.24
383,2025-03-26,31,Angela Blair,scottmarcus@example.org,217,Receive Them,14,Break,2,267.58,535.16,1222.24
384,2025-04-03,142,Melinda Jones,thomasdaniel@example.net,62,Stage Bit,5,Peace,3,180.17,540.51,540.51
385,2025-10-03,51,Edwin Lindsey,nicole50@example.com,161,Story What,17,Support,4,372.98,1491.92,2468.06
385,2025-10-03,51,Edwin Lindsey,nicole50@example.com,65,Benefit Real,4,Choice,2,488.07,976.14,2468.06
386,2024-03-22,88,Sandra Gutierrez,daniel33@example.org,49,Really However,17,Support,4,344.28,1377.12,2132.45
386,2024-03-22,88,Sandra Gutierrez,daniel33@example.org,285,Increase Behind,11,Young,4,71.22,284.88,2132.45
386,2024-03-22,88,Sandra Gutierrez,daniel33@example.org,86,Up Form,15,Hour,2,7.44,14.88,2132.45
386,2024-03-22,88,Sandra Gutierrez,daniel33@example.org,294,Whether Value,1,Have,1,455.57,455.57,2132.45
387,2025-04-15,174,Hannah Newman,mark56@example.com,141,Since Lot,1,Have,2,345.3,690.6,4282.03
387,2025-04-15,174,Hannah Newman,mark56@example.com,173,Water Option,20,Mind,2,96.07,192.14,4282.03
387,2025-04-15,174,Hannah Newman,mark56@example.com,97,Bag Call,2,Deal,4,477.23,1908.92,4282.03
387,2025-04-15,174,Hannah Newman,mark56@example.com,235,Ago Tend,7,Phone,2,497.94,995.88,4282.03
387,2025-04-15,174,Hannah Newman,mark56@example.com,212,Energy Usually,12,Who,3,164.83,494.49,4282.03
388,2024-09-06,17,David Clark,bhouse@example.com,142,Him Baby,5,Peace,4,93.26,373.04,1025.96
388,2024-09-06,17,David Clark,bhouse@example.com,291,Imagine Indeed,18,Strong,3,181.18,543.54,1025.96
388,2024-09-06,17,David Clark,bhouse@example.com,158,Economy Really,16,The,2,54.69,109.38,1025.96
389,2024-04-22,118,Matthew Rodriguez,ksanchez@example.com,294,Whether Value,1,Have,1,455.57,455.57,1530.61
389,2024-04-22,118,Matthew Rodriguez,ksanchez@example.com,137,Arm Base,6,Several,3,232.08,696.24,1530.61
389,2024-04-22,118,Matthew Rodriguez,ksanchez@example.com,249,Fill Show,6,Several,1,378.8,378.8,1530.61
390,2024-06-06,5,Michael Chang,kellychad@example.net,270,Hair Card,8,Nor,3,185.64,556.92,1545.05
390,2024-06-06,5,Michael Chang,kellychad@example.net,243,Learn Space,19,Different,2,366.97,733.94,1545.05
390,2024-06-06,5,Michael Chang,kellychad@example.net,41,Traditional Image,1,Have,1,254.19,254.19,1545.05
391,2025-04-16,132,Douglas Hester,dyerryan@example.net,21,Work Soldier,15,Hour,2,472.79,945.58,1965.27
391,2025-04-16,132,Douglas Hester,dyerryan@example.net,290,Likely Concern,13,Past,4,132.55,530.2,1965.27
391,2025-04-16,132,Douglas Hester,dyerryan@example.net,24,Task Wait,2,Deal,1,489.49,489.49,1965.27
392,2024-01-20,177,Paul Wallace,christophermunoz@example.net,19,Ten Establish,19,Different,3,209.21,627.63,1781.02
392,2024-01-20,177,Paul Wallace,christophermunoz@example.net,144,Teacher Peace,17,Support,1,16.99,16.99,1781.02
392,2024-01-20,177,Paul Wallace,christophermunoz@example.net,249,Fill Show,6,Several,3,378.8,1136.4,1781.02
393,2024-03-13,13,David Gray,jason23@example.com,85,Fear Still,14,Break,4,109.03,436.12,2208.03
393,2024-03-13,13,David Gray,jason23@example.com,41,Traditional Image,1,Have,3,254.19,762.5699999999999,2208.03
393,2024-03-13,13,David Gray,jason23@example.com,82,Protect Want,2,Deal,2,433.45,866.9,2208.03
393,2024-03-13,13,David Gray,jason23@example.com,285,Increase Behind,11,Young,2,71.22,142.44,2208.03
394,2025-07-20,64,Austin Sullivan,meganritter@example.com,138,Probably Officer,1,Have,4,264.31,1057.24,1657.29
394,2025-07-20,64,Austin Sullivan,meganritter@example.com,161,Story What,17,Support,1,372.98,372.98,1657.29
394,2025-07-20,64,Austin Sullivan,meganritter@example.com,221,Suffer City,20,Mind,1,227.07,227.07,1657.29
395,2025-09-10,21,Jeremy Gill,craiggonzalez@example.net,177,Former Truth,4,Choice,4,43.67,174.68,769.81
395,2025-09-10,21,Jeremy Gill,craiggonzalez@example.net,31,Effect Character,7,Phone,4,22.44,89.76,769.81
395,2025-09-10,21,Jeremy Gill,craiggonzalez@example.net,35,Join Woman,4,Choice,4,29.96,119.84,769.81
395,2025-09-10,21,Jeremy Gill,craiggonzalez@example.net,200,Available Both,14,Break,1,385.53,385.53,769.81
396,2024-10-24,140,Mark Martinez,juliemyers@example.net,62,Stage Bit,5,Peace,4,180.17,720.68,720.68
397,2024-02-21,100,Mrs. Tracy Cook,davidweaver@example.com,15,Fact Few,8,Nor,1,329.57,329.57,1153.6
397,2024-02-21,100,Mrs. Tracy Cook,davidweaver@example.com,270,Hair Card,8,Nor,3,185.64,556.92,1153.6
397,2024-02-21,100,Mrs. Tracy Cook,davidweaver@example.com,275,Former Different,9,Wind,2,79.09,158.18,1153.6
397,2024-02-21,100,Mrs. Tracy Cook,davidweaver@example.com,257,Keep Image,12,Who,1,108.93,108.93,1153.6
398,2025-08-15,163,Lindsay Crawford,antoniocoleman@example.com,240,Over Bank,12,Who,4,239.35,957.4,1846.32
398,2025-08-15,163,Lindsay Crawford,antoniocoleman@example.com,103,Hospital Be,1,Have,3,22.44,67.32000000000001,1846.32
398,2025-08-15,163,Lindsay Crawford,antoniocoleman@example.com,115,Prove Make,10,President,1,43.36,43.36,1846.32
398,2025-08-15,163,Lindsay Crawford,antoniocoleman@example.com,40,Success Family,1,Have,2,389.12,778.24,1846.32
399,2023-12-08,78,Richard Smith,joseph57@example.com,288,Several Bill,18,Strong,4,342.54,1370.16,2553.88
399,2023-12-08,78,Richard Smith,joseph57@example.com,148,Hot South,3,One,4,295.93,1183.72,2553.88
400,2024-08-01,39,Taylor Ramirez,amy11@example.com,90,Carry My,18,Strong,2,463.35,926.7,2254.6
400,2024-08-01,39,Taylor Ramirez,amy11@example.com,298,Today Unit,14,Break,2,296.11,592.22,2254.6
400,2024-08-01,39,Taylor Ramirez,amy11@example.com,177,Former Truth,4,Choice,2,43.67,87.34,2254.6
400,2024-08-01,39,Taylor Ramirez,amy11@example.com,155,Interest Congress,6,Several,4,146.02,584.08,2254.6
400,2024-08-01,39,Taylor Ramirez,amy11@example.com,116,Real Successful,4,Choice,2,32.13,64.26,2254.6
401,2024-08-23,79,Frank Castillo,smarshall@example.com,4,Field Subject,4,Choice,3,187.68,563.04,1634.88
401,2024-08-23,79,Frank Castillo,smarshall@example.com,231,Travel Strong,5,Peace,4,84.5,338.0,1634.88
401,2024-08-23,79,Frank Castillo,smarshall@example.com,235,Ago Tend,7,Phone,1,497.94,497.94,1634.88
401,2024-08-23,79,Frank Castillo,smarshall@example.com,273,Condition According,16,The,2,12.43,24.86,1634.88
401,2024-08-23,79,Frank Castillo,smarshall@example.com,117,Generation Dinner,17,Support,4,52.76,211.04,1634.88
402,2024-03-27,167,Monica Jones,tgraham@example.net,291,Imagine Indeed,18,Strong,3,181.18,543.54,2020.65
402,2024-03-27,167,Monica Jones,tgraham@example.net,163,Indicate Ball,16,The,3,492.37,1477.1100000000001,2020.65
403,2025-10-04,82,Samantha Kennedy,batessean@example.org,260,Important Forward,15,Hour,4,282.09,1128.36,2319.96
403,2025-10-04,82,Samantha Kennedy,batessean@example.org,184,See Fund,5,Peace,3,205.93,617.79,2319.96
403,2025-10-04,82,Samantha Kennedy,batessean@example.org,53,Certainly Arrive,2,Deal,3,191.27,573.8100000000001,2319.96
404,2024-12-29,4,Emily Simon,aatkinson@example.net,273,Condition According,16,The,4,12.43,49.72,1066.48
404,2024-12-29,4,Emily Simon,aatkinson@example.net,41,Traditional Image,1,Have,4,254.19,1016.76,1066.48
405,2025-05-31,8,Samantha Benjamin,dustingray@example.com,68,Church Huge,5,Peace,1,135.82,135.82,135.82
406,2024-08-03,127,Robert Smith,scottwhite@example.org,127,Their South,11,Young,3,127.29,381.87,1414.09
406,2024-08-03,127,Robert Smith,scottwhite@example.org,111,Compare Media,15,Hour,1,133.57,133.57,1414.09
406,2024-08-03,127,Robert Smith,scottwhite@example.org,8,Buy Try,4,Choice,1,20.61,20.61,1414.09
406,2024-08-03,127,Robert Smith,scottwhite@example.org,255,Rate Car,20,Mind,3,292.68,878.04,1414.09
407,2025-04-08,102,Kelly Hester,mcbrideshannon@example.net,275,Former Different,9,Wind,2,79.09,158.18,2839.66
407,2025-04-08,102,Kelly Hester,mcbrideshannon@example.net,209,Day Picture,18,Strong,1,209.9,209.9,2839.66
407,2025-04-08,102,Kelly Hester,mcbrideshannon@example.net,194,Guy Director,8,Nor,4,215.51,862.04,2839.66
407,2025-04-08,102,Kelly Hester,mcbrideshannon@example.net,287,Would Real,6,Several,1,403.84,403.84,2839.66
407,2025-04-08,102,Kelly Hester,mcbrideshannon@example.net,279,Property Note,7,Phone,3,401.9,1205.6999999999998,2839.66
408,2024-03-23,81,Jordan Tucker,cordovamelissa@example.org,160,See Item,18,Strong,2,25.16,50.32,50.32
409,2025-05-17,33,Brandon Hamilton,tracyadams@example.net,211,Almost Thousand,11,Young,4,231.19,924.76,2962.42
409,2025-05-17,33,Brandon Hamilton,tracyadams@example.net,236,Play One,1,Have,4,374.63,1498.52,2962.42
409,2025-05-17,33,Brandon Hamilton,tracyadams@example.net,280,Response Somebody,18,Strong,2,269.57,539.14,2962.42
410,2025-09-27,149,Joan Dickerson,rebeccabarton@example.org,18,Food Responsibility,2,Deal,2,112.07,224.14,1325.83
410,2025-09-27,149,Joan Dickerson,rebeccabarton@example.org,98,Born Near,7,Phone,3,367.23,1101.69,1325.83
411,2023-11-28,64,Austin Sullivan,meganritter@example.com,91,Space Author,11,Young,3,477.97,1433.91,3591.41
411,2023-11-28,64,Austin Sullivan,meganritter@example.com,141,Since Lot,1,Have,3,345.3,1035.9,3591.41
411,2023-11-28,64,Austin Sullivan,meganritter@example.com,265,Nice Phone,6,Several,1,188.4,188.4,3591.41
411,2023-11-28,64,Austin Sullivan,meganritter@example.com,283,Two Bar,1,Have,4,218.21,872.84,3591.41
411,2023-11-28,64,Austin Sullivan,meganritter@example.com,44,Remember That,2,Deal,1,60.36,60.36,3591.41
412,2024-05-31,169,Stephanie Bonilla PhD,sgray@example.org,77,Represent Similar,19,Different,4,163.15,652.6,845.36
412,2024-05-31,169,Stephanie Bonilla PhD,sgray@example.org,54,School Ball,8,Nor,1,192.76,192.76,845.36
413,2024-02-16,119,Shawn Grimes,marcus23@example.org,251,Next Us,11,Young,2,316.97,633.94,633.94
414,2025-10-25,153,Erica Hood,bryantmelvin@example.org,195,Air Like,15,Hour,2,65.64,131.28,1061.18
414,2025-10-25,153,Erica Hood,bryantmelvin@example.org,132,Wind Glass,18,Strong,1,450.02,450.02,1061.18
414,2025-10-25,153,Erica Hood,bryantmelvin@example.org,156,Keep Wall,18,Strong,3,159.96,479.88,1061.18
415,2024-05-21,58,Jennifer Tran MD,donald25@example.com,254,Cultural Responsibility,15,Hour,2,232.7,465.4,1519.01
415,2024-05-21,58,Jennifer Tran MD,donald25@example.com,89,Member Four,15,Hour,1,317.99,317.99,1519.01
415,2024-05-21,58,Jennifer Tran MD,donald25@example.com,147,Direction Big,10,President,2,367.81,735.62,1519.01
416,2025-03-20,77,Barbara Berry,melissaoneal@example.org,271,Worry Medical,18,Strong,1,352.09,352.09,1792.01
416,2025-03-20,77,Barbara Berry,melissaoneal@example.org,243,Learn Space,19,Different,3,366.97,1100.91,1792.01
416,2025-03-20,77,Barbara Berry,melissaoneal@example.org,63,Describe Little,17,Support,2,24.21,48.42,1792.01
416,2025-03-20,77,Barbara Berry,melissaoneal@example.org,186,Sort Animal,8,Nor,1,290.59,290.59,1792.01
417,2025-05-17,94,Susan Bush,parkeranne@example.net,167,Central Music,17,Support,1,76.86,76.86,1383.74
417,2025-05-17,94,Susan Bush,parkeranne@example.net,94,Firm No,15,Hour,4,180.73,722.92,1383.74
417,2025-05-17,94,Susan Bush,parkeranne@example.net,102,New Recognize,12,Who,2,291.98,583.96,1383.74
418,2023-11-25,199,Eric Buchanan,timothy26@example.org,280,Response Somebody,18,Strong,1,269.57,269.57,269.57
419,2024-03-12,191,Zachary Johnson,dawnharris@example.net,103,Hospital Be,1,Have,4,22.44,89.76,1545.08
419,2024-03-12,191,Zachary Johnson,dawnharris@example.net,121,Four Eye,20,Mind,4,343.22,1372.88,1545.08
419,2024-03-12,191,Zachary Johnson,dawnharris@example.net,8,Buy Try,4,Choice,4,20.61,82.44,1545.08
420,2024-04-10,151,Megan Simpson,devon28@example.net,27,North Man,4,Choice,3,285.09,855.27,855.27
421,2024-06-22,127,Robert Smith,scottwhite@example.org,258,Daughter Return,11,Young,1,276.12,276.12,276.12
422,2024-11-03,14,Dr. Stephanie Cannon,pcraig@example.org,293,Sell Else,4,Choice,2,352.97,705.94,705.94
423,2025-09-23,80,Cynthia Malone,weaverjason@example.org,49,Really However,17,Support,2,344.28,688.56,688.56
424,2025-01-05,55,Heidi Smith,ugilmore@example.com,26,Guy Itself,12,Who,1,441.62,441.62,1092.73
424,2025-01-05,55,Heidi Smith,ugilmore@example.com,188,Student Sign,1,Have,1,278.13,278.13,1092.73
424,2025-01-05,55,Heidi Smith,ugilmore@example.com,161,Story What,17,Support,1,372.98,372.98,1092.73
425,2025-02-22,80,Cynthia Malone,weaverjason@example.org,262,Appear Spend,8,Nor,1,491.42,491.42,1929.45
425,2025-02-22,80,Cynthia Malone,weaverjason@example.org,118,To Debate,8,Nor,4,105.26,421.04,1929.45
425,2025-02-22,80,Cynthia Malone,weaverjason@example.org,72,Agree That,19,Different,2,456.83,913.66,1929.45
425,2025-02-22,80,Cynthia Malone,weaverjason@example.org,185,Congress Party,7,Phone,1,103.33,103.33,1929.45
426,2025-10-02,131,Dr. Craig Macdonald,jennifer99@example.com,281,President Scientist,13,Past,1,258.78,258.78,321.3
426,2025-10-02,131,Dr. Craig Macdonald,jennifer99@example.com,39,Form Pull,4,Choice,3,20.84,62.519999999999996,321.3
427,2024-05-07,67,Jeffrey Anderson,henrymelissa@example.com,192,Art Understand,15,Hour,4,115.13,460.52,5460.91
427,2024-05-07,67,Jeffrey Anderson,henrymelissa@example.com,169,Wrong Stop,7,Phone,4,442.09,1768.36,5460.91
427,2024-05-07,67,Jeffrey Anderson,henrymelissa@example.com,172,Join Listen,5,Peace,4,212.91,851.64,5460.91
427,2024-05-07,67,Jeffrey Anderson,henrymelissa@example.com,235,Ago Tend,7,Phone,4,497.94,1991.76,5460.91
427,2024-05-07,67,Jeffrey Anderson,henrymelissa@example.com,203,Establish Yourself,6,Several,1,388.63,388.63,5460.91
428,2024-02-17,64,Austin Sullivan,meganritter@example.com,114,Focus Early,15,Hour,2,152.59,305.18,1793.3
428,2024-02-17,64,Austin Sullivan,meganritter@example.com,89,Member Four,15,Hour,1,317.99,317.99,1793.3
428,2024-02-17,64,Austin Sullivan,meganritter@example.com,66,Space Practice,7,Phone,4,27.28,109.12,1793.3
428,2024-02-17,64,Austin Sullivan,meganritter@example.com,245,As Figure,9,Wind,3,353.67,1061.01,1793.3
429,2024-04-09,21,Jeremy Gill,craiggonzalez@example.net,162,Song Believe,18,Strong,4,195.38,781.52,781.52
430,2025-05-06,34,Brent Kemp,christophergill@example.com,37,Indicate Value,13,Past,1,296.88,296.88,1913.55
430,2025-05-06,34,Brent Kemp,christophergill@example.com,19,Ten Establish,19,Different,1,209.21,209.21,1913.55
430,2025-05-06,34,Brent Kemp,christophergill@example.com,217,Receive Them,14,Break,1,267.58,267.58,1913.55
430,2025-05-06,34,Brent Kemp,christophergill@example.com,14,Thank Question,5,Peace,3,81.0,243.0,1913.55
430,2025-05-06,34,Brent Kemp,christophergill@example.com,78,Woman Worker,1,Have,4,224.22,896.88,1913.55
431,2024-05-10,76,Hailey Allen,lee45@example.net,61,Actually List,6,Several,2,272.62,545.24,1233.95
431,2024-05-10,76,Hailey Allen,lee45@example.net,212,Energy Usually,12,Who,3,164.83,494.49,1233.95
431,2024-05-10,76,Hailey Allen,lee45@example.net,296,Memory Find,2,Deal,1,184.05,184.05,1233.95
431,2024-05-10,76,Hailey Allen,lee45@example.net,108,Themselves Last,10,President,1,10.17,10.17,1233.95
432,2025-09-12,173,Cynthia Berger,hvasquez@example.org,169,Wrong Stop,7,Phone,3,442.09,1326.27,3306.31
432,2025-09-12,173,Cynthia Berger,hvasquez@example.org,43,Bad Cultural,20,Mind,4,495.01,1980.04,3306.31
433,2025-07-30,190,Patrick Palmer,joshua72@example.com,34,Cultural White,11,Young,3,20.86,62.58,3038.18
433,2025-07-30,190,Patrick Palmer,joshua72@example.com,87,Health Modern,8,Nor,2,183.58,367.16,3038.18
433,2025-07-30,190,Patrick Palmer,joshua72@example.com,211,Almost Thousand,11,Young,4,231.19,924.76,3038.18
433,2025-07-30,190,Patrick Palmer,joshua72@example.com,30,Author Indicate,20,Mind,4,420.92,1683.68,3038.18
434,2025-06-10,126,Patricia Pugh,craigjohnson@example.org,72,Agree That,19,Different,4,456.83,1827.32,2729.37
434,2025-06-10,126,Patricia Pugh,craigjohnson@example.org,138,Probably Officer,1,Have,3,264.31,792.9300000000001,2729.37
434,2025-06-10,126,Patricia Pugh,craigjohnson@example.org,66,Space Practice,7,Phone,4,27.28,109.12,2729.37
435,2025-03-30,143,Darren Leon,matthew89@example.com,97,Bag Call,2,Deal,3,477.23,1431.69,2859.75
435,2025-03-30,143,Darren Leon,matthew89@example.com,257,Keep Image,12,Who,2,108.93,217.86,2859.75
435,2025-03-30,143,Darren Leon,matthew89@example.com,19,Ten Establish,19,Different,2,209.21,418.42,2859.75
435,2025-03-30,143,Darren Leon,matthew89@example.com,112,Professional Defense,16,The,1,483.26,483.26,2859.75
435,2025-03-30,143,Darren Leon,matthew89@example.com,13,Approach Politics,9,Wind,3,102.84,308.52,2859.75
436,2025-11-13,190,Patrick Palmer,joshua72@example.com,240,Over Bank,12,Who,4,239.35,957.4,1529.28
436,2025-11-13,190,Patrick Palmer,joshua72@example.com,245,As Figure,9,Wind,1,353.67,353.67,1529.28
436,2025-11-13,190,Patrick Palmer,joshua72@example.com,283,Two Bar,1,Have,1,218.21,218.21,1529.28
437,2024-01-18,106,Abigail Davis,yhendrix@example.com,249,Fill Show,6,Several,1,378.8,378.8,2414.79
437,2024-01-18,106,Abigail Davis,yhendrix@example.com,257,Keep Image,12,Who,2,108.93,217.86,2414.79
437,2024-01-18,106,Abigail Davis,yhendrix@example.com,62,Stage Bit,5,Peace,1,180.17,180.17,2414.79
437,2024-01-18,106,Abigail Davis,yhendrix@example.com,142,Him Baby,5,Peace,4,93.26,373.04,2414.79
437,2024-01-18,106,Abigail Davis,yhendrix@example.com,32,Teacher Commercial,6,Several,4,316.23,1264.92,2414.79
438,2024-09-03,80,Cynthia Malone,weaverjason@example.org,35,Join Woman,4,Choice,4,29.96,119.84,1479.16
438,2024-09-03,80,Cynthia Malone,weaverjason@example.org,269,Personal Hotel,13,Past,2,263.01,526.02,1479.16
438,2024-09-03,80,Cynthia Malone,weaverjason@example.org,36,Camera Prove,11,Young,2,416.65,833.3,1479.16
439,2025-01-27,51,Edwin Lindsey,nicole50@example.com,98,Born Near,7,Phone,4,367.23,1468.92,1468.92
440,2025-07-13,130,Kristie Mcmillan,kristina16@example.org,37,Indicate Value,13,Past,3,296.88,890.64,890.64
441,2024-11-11,91,Jose Frazier,greghale@example.net,70,Student Democrat,20,Mind,1,449.78,449.78,1293.83
441,2024-11-11,91,Jose Frazier,greghale@example.net,56,Hit Clear,4,Choice,2,61.81,123.62,1293.83
441,2024-11-11,91,Jose Frazier,greghale@example.net,71,Party Example,10,President,2,84.14,168.28,1293.83
441,2024-11-11,91,Jose Frazier,greghale@example.net,296,Memory Find,2,Deal,3,184.05,552.1500000000001,1293.83
442,2025-05-18,104,Stephen Kelley,vgallagher@example.net,223,President Them,5,Peace,3,112.6,337.79999999999995,2206.8
442,2025-05-18,104,Stephen Kelley,vgallagher@example.net,187,Morning Notice,10,President,4,456.83,1827.32,2206.8
442,2025-05-18,104,Stephen Kelley,vgallagher@example.net,39,Form Pull,4,Choice,2,20.84,41.68,2206.8
443,2024-10-13,180,Michelle Davis,morganjared@example.com,39,Form Pull,4,Choice,4,20.84,83.36,3320.62
443,2024-10-13,180,Michelle Davis,morganjared@example.com,163,Indicate Ball,16,The,3,492.37,1477.1100000000001,3320.62
443,2024-10-13,180,Michelle Davis,morganjared@example.com,105,One Itself,4,Choice,3,306.35,919.0500000000001,3320.62
443,2024-10-13,180,Michelle Davis,morganjared@example.com,120,Girl Radio,1,Have,2,304.51,609.02,3320.62
443,2024-10-13,180,Michelle Davis,morganjared@example.com,137,Arm Base,6,Several,1,232.08,232.08,3320.62
444,2023-12-22,179,Nancy Wilson,elizabeth54@example.com,170,Miss Different,14,Break,2,233.22,466.44,1007.16
444,2023-12-22,179,Nancy Wilson,elizabeth54@example.com,142,Him Baby,5,Peace,2,93.26,186.52,1007.16
444,2023-12-22,179,Nancy Wilson,elizabeth54@example.com,56,Hit Clear,4,Choice,2,61.81,123.62,1007.16
444,2023-12-22,179,Nancy Wilson,elizabeth54@example.com,167,Central Music,17,Support,3,76.86,230.57999999999998,1007.16
445,2024-04-26,167,Monica Jones,tgraham@example.net,191,Trial Too,18,Strong,4,66.79,267.16,2200.2
445,2024-04-26,167,Monica Jones,tgraham@example.net,112,Professional Defense,16,The,4,483.26,1933.04,2200.2
446,2024-06-21,98,Angela Bradley,jonathan96@example.org,178,Prevent Home,6,Several,3,357.4,1072.1999999999998,1072.2
447,2024-06-17,50,Ralph Pennington,kerrihahn@example.org,113,Song Describe,3,One,3,282.53,847.5899999999999,3074.42
447,2024-06-17,50,Ralph Pennington,kerrihahn@example.org,102,New Recognize,12,Who,4,291.98,1167.92,3074.42
447,2024-06-17,50,Ralph Pennington,kerrihahn@example.org,293,Sell Else,4,Choice,3,352.97,1058.91,3074.42
448,2025-01-31,77,Barbara Berry,melissaoneal@example.org,279,Property Note,7,Phone,2,401.9,803.8,1567.09
448,2025-01-31,77,Barbara Berry,melissaoneal@example.org,25,Employee Pay,3,One,3,254.43,763.29,1567.09
449,2024-03-31,83,Alexis Everett,grichards@example.com,54,School Ball,8,Nor,4,192.76,771.04,1583.51
449,2024-03-31,83,Alexis Everett,grichards@example.com,231,Travel Strong,5,Peace,4,84.5,338.0,1583.51
449,2024-03-31,83,Alexis Everett,grichards@example.com,116,Real Successful,4,Choice,2,32.13,64.26,1583.51
449,2024-03-31,83,Alexis Everett,grichards@example.com,205,Month Interesting,9,Wind,3,47.63,142.89000000000001,1583.51
449,2024-03-31,83,Alexis Everett,grichards@example.com,29,Possible Bring,3,One,1,267.32,267.32,1583.51
450,2024-11-10,126,Patricia Pugh,craigjohnson@example.org,179,Past Parent,11,Young,3,463.55,1390.65,1390.65
451,2024-07-19,119,Shawn Grimes,marcus23@example.org,154,Talk Word,2,Deal,3,228.28,684.84,3546.64
451,2024-07-19,119,Shawn Grimes,marcus23@example.org,36,Camera Prove,11,Young,4,416.65,1666.6,3546.64
451,2024-07-19,119,Shawn Grimes,marcus23@example.org,129,Water Another,2,Deal,1,303.9,303.9,3546.64
451,2024-07-19,119,Shawn Grimes,marcus23@example.org,11,Father Hope,9,Wind,2,445.65,891.3,3546.64
452,2024-10-11,60,Jacqueline Lopez,jacksongina@example.net,29,Possible Bring,3,One,1,267.32,267.32,1134.22
452,2024-10-11,60,Jacqueline Lopez,jacksongina@example.net,82,Protect Want,2,Deal,2,433.45,866.9,1134.22
453,2025-07-25,179,Nancy Wilson,elizabeth54@example.com,204,Civil Officer,5,Peace,1,404.78,404.78,701.51
453,2025-07-25,179,Nancy Wilson,elizabeth54@example.com,300,Difference Discover,15,Hour,1,296.73,296.73,701.51
454,2025-02-10,157,Elizabeth Owens,carriehoward@example.net,254,Cultural Responsibility,15,Hour,1,232.7,232.7,2619.63
454,2025-02-10,157,Elizabeth Owens,carriehoward@example.net,94,Firm No,15,Hour,3,180.73,542.1899999999999,2619.63
454,2025-02-10,157,Elizabeth Owens,carriehoward@example.net,231,Travel Strong,5,Peace,2,84.5,169.0,2619.63
454,2025-02-10,157,Elizabeth Owens,carriehoward@example.net,156,Keep Wall,18,Strong,4,159.96,639.84,2619.63
454,2025-02-10,157,Elizabeth Owens,carriehoward@example.net,141,Since Lot,1,Have,3,345.3,1035.9,2619.63
455,2024-04-19,168,Karen Christensen,vazquezjeremy@example.org,17,Family Interest,11,Young,1,290.41,290.41,534.96
455,2024-04-19,168,Karen Christensen,vazquezjeremy@example.org,242,Case Base,3,One,1,244.55,244.55,534.96
456,2024-09-10,184,Austin Ortiz,haileybrown@example.com,1,Focus Issue,7,Phone,1,350.69,350.69,371.3
456,2024-09-10,184,Austin Ortiz,haileybrown@example.com,8,Buy Try,4,Choice,1,20.61,20.61,371.3
457,2024-08-29,101,Christopher Wilson,johnsonmatthew@example.com,156,Keep Wall,18,Strong,3,159.96,479.88,4190.27
457,2024-08-29,101,Christopher Wilson,johnsonmatthew@example.com,20,Lead Contain,6,Several,4,189.84,759.36,4190.27
457,2024-08-29,101,Christopher Wilson,johnsonmatthew@example.com,161,Story What,17,Support,4,372.98,1491.92,4190.27
457,2024-08-29,101,Christopher Wilson,johnsonmatthew@example.com,271,Worry Medical,18,Strong,3,352.09,1056.27,4190.27
457,2024-08-29,101,Christopher Wilson,johnsonmatthew@example.com,67,Actually Difficult,19,Different,4,100.71,402.84,4190.27
458,2024-01-18,171,Linda Rosales,harrischeryl@example.com,81,Religious None,18,Strong,4,317.02,1268.08,1268.08
459,2024-11-13,77,Barbara Berry,melissaoneal@example.org,161,Story What,17,Support,2,372.98,745.96,891.61
459,2024-11-13,77,Barbara Berry,melissaoneal@example.org,76,Director Standard,14,Break,3,48.55,145.64999999999998,891.61
460,2024-12-15,97,Michele Swanson,jessica44@example.net,169,Wrong Stop,7,Phone,1,442.09,442.09,1156.91
460,2024-12-15,97,Michele Swanson,jessica44@example.net,238,Figure A,17,Support,2,171.77,343.54,1156.91
460,2024-12-15,97,Michele Swanson,jessica44@example.net,270,Hair Card,8,Nor,2,185.64,371.28,1156.91
461,2024-06-24,186,Mark Leonard,thomas23@example.net,227,West Star,11,Young,1,456.4,456.4,2446.94
461,2024-06-24,186,Mark Leonard,thomas23@example.net,289,Fight Assume,10,President,4,337.78,1351.12,2446.94
461,2024-06-24,186,Mark Leonard,thomas23@example.net,74,Full Camera,18,Strong,1,91.44,91.44,2446.94
461,2024-06-24,186,Mark Leonard,thomas23@example.net,3,Cause Near,7,Phone,3,166.58,499.74,2446.94
461,2024-06-24,186,Mark Leonard,thomas23@example.net,252,Travel Avoid,12,Who,2,24.12,48.24,2446.94
462,2024-11-15,122,Susan Nelson,castillodawn@example.com,70,Student Democrat,20,Mind,4,449.78,1799.12,4924.55
462,2024-11-15,122,Susan Nelson,castillodawn@example.com,81,Religious None,18,Strong,2,317.02,634.04,4924.55
462,2024-11-15,122,Susan Nelson,castillodawn@example.com,170,Miss Different,14,Break,1,233.22,233.22,4924.55
462,2024-11-15,122,Susan Nelson,castillodawn@example.com,188,Student Sign,1,Have,1,278.13,278.13,4924.55
462,2024-11-15,122,Susan Nelson,castillodawn@example.com,43,Bad Cultural,20,Mind,4,495.01,1980.04,4924.55
463,2025-03-13,192,Melissa Obrien,sherry24@example.net,143,Too Teach,19,Different,1,250.12,250.12,1659.97
463,2025-03-13,192,Melissa Obrien,sherry24@example.net,32,Teacher Commercial,6,Several,1,316.23,316.23,1659.97
463,2025-03-13,192,Melissa Obrien,sherry24@example.net,219,Could Kid,1,Have,1,297.5,297.5,1659.97
463,2025-03-13,192,Melissa Obrien,sherry24@example.net,252,Travel Avoid,12,Who,1,24.12,24.12,1659.97
463,2025-03-13,192,Melissa Obrien,sherry24@example.net,33,Local Population,10,President,2,386.0,772.0,1659.97
464,2024-08-14,175,Paul Howard,handerson@example.org,131,Of Audience,15,Hour,2,309.69,619.38,1190.26
464,2024-08-14,175,Paul Howard,handerson@example.org,47,Recently Anyone,9,Wind,4,142.72,570.88,1190.26
465,2024-07-18,139,Jamie Steele,moorejackson@example.net,170,Miss Different,14,Break,1,233.22,233.22,233.22
466,2024-08-25,16,Tonya Bell,medinachristine@example.org,124,Six Series,5,Peace,2,129.47,258.94,258.94
467,2024-12-09,25,Mariah Parker,hle@example.com,119,South Act,15,Hour,3,384.12,1152.3600000000001,3142.96
467,2024-12-09,25,Mariah Parker,hle@example.com,52,Call Affect,18,Strong,4,497.65,1990.6,3142.96
468,2025-02-28,90,Lisa Shepherd,holmesjustin@example.net,215,Hold Ago,1,Have,3,319.62,958.86,4733.73
468,2025-02-28,90,Lisa Shepherd,holmesjustin@example.net,3,Cause Near,7,Phone,3,166.58,499.74,4733.73
468,2025-02-28,90,Lisa Shepherd,holmesjustin@example.net,41,Traditional Image,1,Have,3,254.19,762.5699999999999,4733.73
468,2025-02-28,90,Lisa Shepherd,holmesjustin@example.net,139,Law Near,18,Strong,4,487.38,1949.52,4733.73
468,2025-02-28,90,Lisa Shepherd,holmesjustin@example.net,4,Field Subject,4,Choice,3,187.68,563.04,4733.73
469,2025-08-03,91,Jose Frazier,greghale@example.net,166,Suggest Would,13,Past,3,298.21,894.6299999999999,4028.57
469,2025-08-03,91,Jose Frazier,greghale@example.net,172,Join Listen,5,Peace,2,212.91,425.82,4028.57
469,2025-08-03,91,Jose Frazier,greghale@example.net,269,Personal Hotel,13,Past,3,263.01,789.03,4028.57
469,2025-08-03,91,Jose Frazier,greghale@example.net,178,Prevent Home,6,Several,4,357.4,1429.6,4028.57
469,2025-08-03,91,Jose Frazier,greghale@example.net,24,Task Wait,2,Deal,1,489.49,489.49,4028.57
470,2025-10-09,81,Jordan Tucker,cordovamelissa@example.org,130,Performance Other,15,Hour,4,283.55,1134.2,2944.9
470,2025-10-09,81,Jordan Tucker,cordovamelissa@example.org,156,Keep Wall,18,Strong,2,159.96,319.92,2944.9
470,2025-10-09,81,Jordan Tucker,cordovamelissa@example.org,74,Full Camera,18,Strong,1,91.44,91.44,2944.9
470,2025-10-09,81,Jordan Tucker,cordovamelissa@example.org,33,Local Population,10,President,1,386.0,386.0,2944.9
470,2025-10-09,81,Jordan Tucker,cordovamelissa@example.org,289,Fight Assume,10,President,3,337.78,1013.3399999999999,2944.9
471,2024-02-15,7,Anthony Davis,lynnmichael@example.com,236,Play One,1,Have,1,374.63,374.63,2638.49
471,2024-02-15,7,Anthony Davis,lynnmichael@example.com,104,Really Rich,7,Phone,1,449.39,449.39,2638.49
471,2024-02-15,7,Anthony Davis,lynnmichael@example.com,138,Probably Officer,1,Have,1,264.31,264.31,2638.49
471,2024-02-15,7,Anthony Davis,lynnmichael@example.com,226,Fast Still,13,Past,1,437.72,437.72,2638.49
471,2024-02-15,7,Anthony Davis,lynnmichael@example.com,165,Travel Mention,13,Past,4,278.11,1112.44,2638.49
472,2025-02-25,68,Nicholas Burgess,allenkenneth@example.com,106,First Party,20,Mind,1,133.29,133.29,704.17
472,2025-02-25,68,Nicholas Burgess,allenkenneth@example.com,47,Recently Anyone,9,Wind,4,142.72,570.88,704.17
473,2025-02-24,88,Sandra Gutierrez,daniel33@example.org,276,Indeed Day,14,Break,4,82.3,329.2,1388.24
473,2025-02-24,88,Sandra Gutierrez,daniel33@example.org,164,History Involve,2,Deal,1,338.36,338.36,1388.24
473,2025-02-24,88,Sandra Gutierrez,daniel33@example.org,62,Stage Bit,5,Peace,4,180.17,720.68,1388.24
474,2024-03-15,33,Brandon Hamilton,tracyadams@example.net,87,Health Modern,8,Nor,1,183.58,183.58,1700.4
474,2024-03-15,33,Brandon Hamilton,tracyadams@example.net,170,Miss Different,14,Break,1,233.22,233.22,1700.4
474,2024-03-15,33,Brandon Hamilton,tracyadams@example.net,95,Song Color,11,Young,4,320.9,1283.6,1700.4
475,2025-05-15,25,Mariah Parker,hle@example.com,129,Water Another,2,Deal,4,303.9,1215.6,3583.25
475,2025-05-15,25,Mariah Parker,hle@example.com,146,Democratic Want,1,Have,4,22.64,90.56,3583.25
475,2025-05-15,25,Mariah Parker,hle@example.com,210,Total Everyone,13,Past,4,383.33,1533.32,3583.25
475,2025-05-15,25,Mariah Parker,hle@example.com,243,Learn Space,19,Different,1,366.97,366.97,3583.25
475,2025-05-15,25,Mariah Parker,hle@example.com,265,Nice Phone,6,Several,2,188.4,376.8,3583.25
476,2025-06-05,40,Amber Anderson,singhrobert@example.net,59,Involve Rule,9,Wind,4,56.05,224.2,224.2
477,2025-09-28,72,Cody Davis,elizabeth77@example.net,34,Cultural White,11,Young,1,20.86,20.86,2797.86
477,2025-09-28,72,Cody Davis,elizabeth77@example.net,175,General Those,15,Hour,4,483.49,1933.96,2797.86
477,2025-09-28,72,Cody Davis,elizabeth77@example.net,73,Establish Movie,12,Who,2,421.52,843.04,2797.86
478,2025-09-24,59,Jeffrey Garcia,kristenalvarez@example.com,212,Energy Usually,12,Who,4,164.83,659.32,2313.88
478,2025-09-24,59,Jeffrey Garcia,kristenalvarez@example.com,241,Chance Garden,8,Nor,4,413.64,1654.56,2313.88
479,2024-11-25,77,Barbara Berry,melissaoneal@example.org,189,Material Class,4,Choice,3,419.75,1259.25,4923.35
479,2024-11-25,77,Barbara Berry,melissaoneal@example.org,293,Sell Else,4,Choice,4,352.97,1411.88,4923.35
479,2024-11-25,77,Barbara Berry,melissaoneal@example.org,154,Talk Word,2,Deal,3,228.28,684.84,4923.35
479,2024-11-25,77,Barbara Berry,melissaoneal@example.org,269,Personal Hotel,13,Past,2,263.01,526.02,4923.35
479,2024-11-25,77,Barbara Berry,melissaoneal@example.org,83,Total Drop,3,One,4,260.34,1041.36,4923.35
480,2025-04-30,109,Rodney Anderson,garciarussell@example.net,61,Actually List,6,Several,1,272.62,272.62,3335.93
480,2025-04-30,109,Rodney Anderson,garciarussell@example.net,25,Employee Pay,3,One,2,254.43,508.86,3335.93
480,2025-04-30,109,Rodney Anderson,garciarussell@example.net,186,Sort Animal,8,Nor,1,290.59,290.59,3335.93
480,2025-04-30,109,Rodney Anderson,garciarussell@example.net,211,Almost Thousand,11,Young,2,231.19,462.38,3335.93
480,2025-04-30,109,Rodney Anderson,garciarussell@example.net,157,Each Program,11,Young,4,450.37,1801.48,3335.93
481,2024-07-08,80,Cynthia Malone,weaverjason@example.org,259,Along Feel,2,Deal,2,479.77,959.54,4483.67
481,2024-07-08,80,Cynthia Malone,weaverjason@example.org,45,Keep Response,8,Nor,3,297.97,893.9100000000001,4483.67
481,2024-07-08,80,Cynthia Malone,weaverjason@example.org,249,Fill Show,6,Several,3,378.8,1136.4,4483.67
481,2024-07-08,80,Cynthia Malone,weaverjason@example.org,235,Ago Tend,7,Phone,3,497.94,1493.82,4483.67
482,2025-10-10,159,Abigail Stevens,heatherquinn@example.net,284,Money Employee,4,Choice,4,355.86,1423.44,2348.68
482,2025-10-10,159,Abigail Stevens,heatherquinn@example.net,128,New Low,3,One,4,231.31,925.24,2348.68
483,2024-12-05,28,Edwin Fisher,xduncan@example.org,177,Former Truth,4,Choice,1,43.67,43.67,3142.3
483,2024-12-05,28,Edwin Fisher,xduncan@example.org,204,Civil Officer,5,Peace,4,404.78,1619.12,3142.3
483,2024-12-05,28,Edwin Fisher,xduncan@example.org,36,Camera Prove,11,Young,3,416.65,1249.9499999999998,3142.3
483,2024-12-05,28,Edwin Fisher,xduncan@example.org,126,Audience Rock,8,Nor,2,114.78,229.56,3142.3
484,2025-04-09,104,Stephen Kelley,vgallagher@example.net,278,Large Fill,8,Nor,4,448.51,1794.04,4261.99
484,2025-04-09,104,Stephen Kelley,vgallagher@example.net,52,Call Affect,18,Strong,2,497.65,995.3,4261.99
484,2025-04-09,104,Stephen Kelley,vgallagher@example.net,300,Difference Discover,15,Hour,1,296.73,296.73,4261.99
484,2025-04-09,104,Stephen Kelley,vgallagher@example.net,34,Cultural White,11,Young,2,20.86,41.72,4261.99
484,2025-04-09,104,Stephen Kelley,vgallagher@example.net,130,Performance Other,15,Hour,4,283.55,1134.2,4261.99
485,2024-03-15,19,Harry Bruce,phall@example.com,41,Traditional Image,1,Have,4,254.19,1016.76,2182.19
485,2024-03-15,19,Harry Bruce,phall@example.com,1,Focus Issue,7,Phone,2,350.69,701.38,2182.19
485,2024-03-15,19,Harry Bruce,phall@example.com,202,Professor Effort,4,Choice,4,14.35,57.4,2182.19
485,2024-03-15,19,Harry Bruce,phall@example.com,66,Space Practice,7,Phone,2,27.28,54.56,2182.19
485,2024-03-15,19,Harry Bruce,phall@example.com,271,Worry Medical,18,Strong,1,352.09,352.09,2182.19
486,2024-12-14,87,Robert Vazquez,patricia40@example.org,35,Join Woman,4,Choice,2,29.96,59.92,1569.94
486,2024-12-14,87,Robert Vazquez,patricia40@example.org,288,Several Bill,18,Strong,2,342.54,685.08,1569.94
486,2024-12-14,87,Robert Vazquez,patricia40@example.org,64,Bank Area,18,Strong,3,274.98,824.94,1569.94
487,2025-09-16,60,Jacqueline Lopez,jacksongina@example.net,69,Blue Answer,7,Phone,3,70.13,210.39,1246.59
487,2025-09-16,60,Jacqueline Lopez,jacksongina@example.net,100,Mission Many,13,Past,3,345.4,1036.1999999999998,1246.59
488,2024-07-20,30,Jennifer King,rosstroy@example.org,165,Travel Mention,13,Past,3,278.11,834.33,3630.38
488,2024-07-20,30,Jennifer King,rosstroy@example.org,217,Receive Them,14,Break,1,267.58,267.58,3630.38
488,2024-07-20,30,Jennifer King,rosstroy@example.org,295,Yard Conference,6,Several,1,328.64,328.64,3630.38
488,2024-07-20,30,Jennifer King,rosstroy@example.org,65,Benefit Real,4,Choice,3,488.07,1464.21,3630.38
488,2024-07-20,30,Jennifer King,rosstroy@example.org,147,Direction Big,10,President,2,367.81,735.62,3630.38
489,2025-02-20,24,Mark Holloway,orivera@example.com,225,Onto Imagine,15,Hour,4,490.77,1963.08,4026.67
489,2025-02-20,24,Mark Holloway,orivera@example.com,286,During Challenge,18,Strong,1,241.31,241.31,4026.67
489,2025-02-20,24,Mark Holloway,orivera@example.com,294,Whether Value,1,Have,4,455.57,1822.28,4026.67
490,2025-06-30,105,James Davidson,johnstonnicholas@example.com,236,Play One,1,Have,1,374.63,374.63,374.63
491,2023-11-14,45,Debra Schroeder,laurieclark@example.com,209,Day Picture,18,Strong,4,209.9,839.6,3959.78
491,2023-11-14,45,Debra Schroeder,laurieclark@example.com,127,Their South,11,Young,4,127.29,509.16,3959.78
491,2023-11-14,45,Debra Schroeder,laurieclark@example.com,214,Increase Because,8,Nor,2,341.9,683.8,3959.78
491,2023-11-14,45,Debra Schroeder,laurieclark@example.com,219,Could Kid,1,Have,1,297.5,297.5,3959.78
491,2023-11-14,45,Debra Schroeder,laurieclark@example.com,57,Leg Difficult,15,Hour,4,407.43,1629.72,3959.78
492,2024-09-16,131,Dr. Craig Macdonald,jennifer99@example.com,3,Cause Near,7,Phone,4,166.58,666.32,666.32
493,2024-11-23,86,Scott Jones,lbriggs@example.net,91,Space Author,11,Young,2,477.97,955.94,2372.6
493,2024-11-23,86,Scott Jones,lbriggs@example.net,19,Ten Establish,19,Different,3,209.21,627.63,2372.6
493,2024-11-23,86,Scott Jones,lbriggs@example.net,269,Personal Hotel,13,Past,3,263.01,789.03,2372.6
494,2024-01-09,95,William Johnson,denise27@example.com,210,Total Everyone,13,Past,3,383.33,1149.99,2401.7
494,2024-01-09,95,William Johnson,denise27@example.com,94,Firm No,15,Hour,3,180.73,542.1899999999999,2401.7
494,2024-01-09,95,William Johnson,denise27@example.com,264,Woman Mission,20,Mind,4,177.38,709.52,2401.7
495,2024-03-25,76,Hailey Allen,lee45@example.net,68,Church Huge,5,Peace,2,135.82,271.64,3133.45
495,2024-03-25,76,Hailey Allen,lee45@example.net,238,Figure A,17,Support,2,171.77,343.54,3133.45
495,2024-03-25,76,Hailey Allen,lee45@example.net,132,Wind Glass,18,Strong,2,450.02,900.04,3133.45
495,2024-03-25,76,Hailey Allen,lee45@example.net,214,Increase Because,8,Nor,3,341.9,1025.6999999999998,3133.45
495,2024-03-25,76,Hailey Allen,lee45@example.net,268,We Lawyer,1,Have,3,197.51,592.53,3133.45
496,2024-11-19,194,Jennifer Flowers,jennifer21@example.com,165,Travel Mention,13,Past,1,278.11,278.11,3694.26
496,2024-11-19,194,Jennifer Flowers,jennifer21@example.com,146,Democratic Want,1,Have,3,22.64,67.92,3694.26
496,2024-11-19,194,Jennifer Flowers,jennifer21@example.com,97,Bag Call,2,Deal,4,477.23,1908.92,3694.26
496,2024-11-19,194,Jennifer Flowers,jennifer21@example.com,259,Along Feel,2,Deal,3,479.77,1439.31,3694.26
497,2024-01-09,172,Sarah Ho,ichase@example.org,281,President Scientist,13,Past,1,258.78,258.78,1560.49
497,2024-01-09,172,Sarah Ho,ichase@example.org,203,Establish Yourself,6,Several,3,388.63,1165.8899999999999,1560.49
497,2024-01-09,172,Sarah Ho,ichase@example.org,68,Church Huge,5,Peace,1,135.82,135.82,1560.49
498,2024-07-30,16,Tonya Bell,medinachristine@example.org,45,Keep Response,8,Nor,3,297.97,893.9100000000001,2024.03
498,2024-07-30,16,Tonya Bell,medinachristine@example.org,113,Song Describe,3,One,4,282.53,1130.12,2024.03
499,2025-02-04,196,Omar Lawson,butlersherry@example.org,75,Air Ability,2,Deal,2,463.55,927.1,4770.77
499,2025-02-04,196,Omar Lawson,butlersherry@example.org,229,Nothing Develop,4,Choice,4,478.71,1914.84,4770.77
499,2025-02-04,196,Omar Lawson,butlersherry@example.org,220,Happen Per,8,Nor,1,250.71,250.71,4770.77
499,2025-02-04,196,Omar Lawson,butlersherry@example.org,109,Vote Mother,7,Phone,4,419.53,1678.12,4770.77
500,2023-11-26,50,Ralph Pennington,kerrihahn@example.org,196,Community Bill,9,Wind,1,469.6,469.6,469.6
501,2024-01-20,86,Scott Jones,lbriggs@example.net,44,Remember That,2,Deal,1,60.36,60.36,1451.01
501,2024-01-20,86,Scott Jones,lbriggs@example.net,75,Air Ability,2,Deal,3,463.55,1390.65,1451.01
502,2023-12-21,150,Jill Reese,floydallison@example.org,160,See Item,18,Strong,3,25.16,75.48,2763.55
502,2023-12-21,150,Jill Reese,floydallison@example.org,166,Suggest Would,13,Past,1,298.21,298.21,2763.55
502,2023-12-21,150,Jill Reese,floydallison@example.org,203,Establish Yourself,6,Several,2,388.63,777.26,2763.55
502,2023-12-21,150,Jill Reese,floydallison@example.org,298,Today Unit,14,Break,4,296.11,1184.44,2763.55
502,2023-12-21,150,Jill Reese,floydallison@example.org,47,Recently Anyone,9,Wind,3,142.72,428.15999999999997,2763.55
503,2024-02-29,64,Austin Sullivan,meganritter@example.com,204,Civil Officer,5,Peace,2,404.78,809.56,2246.21
503,2024-02-29,64,Austin Sullivan,meganritter@example.com,25,Employee Pay,3,One,1,254.43,254.43,2246.21
503,2024-02-29,64,Austin Sullivan,meganritter@example.com,232,Feel End,6,Several,1,495.28,495.28,2246.21
503,2024-02-29,64,Austin Sullivan,meganritter@example.com,92,Everyone Also,9,Wind,3,228.98,686.9399999999999,2246.21
504,2025-09-09,91,Jose Frazier,greghale@example.net,252,Travel Avoid,12,Who,1,24.12,24.12,367.34
504,2025-09-09,91,Jose Frazier,greghale@example.net,121,Four Eye,20,Mind,1,343.22,343.22,367.34
505,2025-01-26,113,Lori Hanson,lisadouglas@example.org,294,Whether Value,1,Have,3,455.57,1366.71,1672.38
505,2025-01-26,113,Lori Hanson,lisadouglas@example.org,16,Hold Past,5,Peace,1,305.67,305.67,1672.38
506,2024-07-24,105,James Davidson,johnstonnicholas@example.com,43,Bad Cultural,20,Mind,1,495.01,495.01,4252.03
506,2024-07-24,105,James Davidson,johnstonnicholas@example.com,217,Receive Them,14,Break,4,267.58,1070.32,4252.03
506,2024-07-24,105,James Davidson,johnstonnicholas@example.com,112,Professional Defense,16,The,1,483.26,483.26,4252.03
506,2024-07-24,105,James Davidson,johnstonnicholas@example.com,187,Morning Notice,10,President,4,456.83,1827.32,4252.03
506,2024-07-24,105,James Davidson,johnstonnicholas@example.com,233,Real It,9,Wind,2,188.06,376.12,4252.03
507,2024-06-03,111,Mary Banks,jacobstanley@example.net,107,Bar Also,6,Several,2,345.6,691.2,1302.36
507,2024-06-03,111,Mary Banks,jacobstanley@example.net,159,West Wind,4,Choice,2,278.1,556.2,1302.36
507,2024-06-03,111,Mary Banks,jacobstanley@example.net,234,Capital Make,18,Strong,3,18.32,54.96,1302.36
508,2025-06-27,165,Charles Olsen,jeremywatkins@example.com,101,Guess Expert,11,Young,3,141.6,424.79999999999995,424.8
509,2024-04-30,39,Taylor Ramirez,amy11@example.com,4,Field Subject,4,Choice,4,187.68,750.72,4006.15
509,2024-04-30,39,Taylor Ramirez,amy11@example.com,193,Down Up,18,Strong,1,260.78,260.78,4006.15
509,2024-04-30,39,Taylor Ramirez,amy11@example.com,3,Cause Near,7,Phone,3,166.58,499.74,4006.15
509,2024-04-30,39,Taylor Ramirez,amy11@example.com,251,Next Us,11,Young,3,316.97,950.9100000000001,4006.15
509,2024-04-30,39,Taylor Ramirez,amy11@example.com,33,Local Population,10,President,4,386.0,1544.0,4006.15
510,2024-08-24,96,Robert White,rebeccapatel@example.com,274,Stay Go,20,Mind,3,398.72,1196.16,2123.26
510,2024-08-24,96,Robert White,rebeccapatel@example.com,179,Past Parent,11,Young,2,463.55,927.1,2123.26
511,2025-08-28,129,Kathy Ellison,james50@example.org,50,Scientist Show,13,Past,3,310.72,932.1600000000001,2411.37
511,2025-08-28,129,Kathy Ellison,james50@example.org,132,Wind Glass,18,Strong,1,450.02,450.02,2411.37
511,2025-08-28,129,Kathy Ellison,james50@example.org,41,Traditional Image,1,Have,4,254.19,1016.76,2411.37
511,2025-08-28,129,Kathy Ellison,james50@example.org,273,Condition According,16,The,1,12.43,12.43,2411.37
512,2024-02-19,99,Johnny Hernandez,bartonchristian@example.net,160,See Item,18,Strong,2,25.16,50.32,3991.73
512,2024-02-19,99,Johnny Hernandez,bartonchristian@example.net,231,Travel Strong,5,Peace,3,84.5,253.5,3991.73
512,2024-02-19,99,Johnny Hernandez,bartonchristian@example.net,163,Indicate Ball,16,The,4,492.37,1969.48,3991.73
512,2024-02-19,99,Johnny Hernandez,bartonchristian@example.net,128,New Low,3,One,1,231.31,231.31,3991.73
512,2024-02-19,99,Johnny Hernandez,bartonchristian@example.net,266,Second With,2,Deal,4,371.78,1487.12,3991.73
513,2024-06-04,82,Samantha Kennedy,batessean@example.org,74,Full Camera,18,Strong,1,91.44,91.44,2639.69
513,2024-06-04,82,Samantha Kennedy,batessean@example.org,187,Morning Notice,10,President,3,456.83,1370.49,2639.69
513,2024-06-04,82,Samantha Kennedy,batessean@example.org,234,Capital Make,18,Strong,4,18.32,73.28,2639.69
513,2024-06-04,82,Samantha Kennedy,batessean@example.org,258,Daughter Return,11,Young,4,276.12,1104.48,2639.69
514,2024-04-04,62,Kristy Richmond,bowersstacey@example.com,45,Keep Response,8,Nor,2,297.97,595.94,595.94
515,2024-04-30,109,Rodney Anderson,garciarussell@example.net,102,New Recognize,12,Who,4,291.98,1167.92,1167.92
516,2024-06-21,24,Mark Holloway,orivera@example.com,283,Two Bar,1,Have,3,218.21,654.63,1149.12
516,2024-06-21,24,Mark Holloway,orivera@example.com,212,Energy Usually,12,Who,3,164.83,494.49,1149.12
517,2025-05-22,185,Eric Woods,janet14@example.com,4,Field Subject,4,Choice,4,187.68,750.72,4060.2
517,2025-05-22,185,Eric Woods,janet14@example.com,135,Establish Heavy,16,The,4,342.38,1369.52,4060.2
517,2025-05-22,185,Eric Woods,janet14@example.com,183,Design Our,7,Phone,4,484.99,1939.96,4060.2
518,2024-10-23,47,Glenn Holmes,debrafoster@example.com,195,Air Like,15,Hour,1,65.64,65.64,3879.82
518,2024-10-23,47,Glenn Holmes,debrafoster@example.com,100,Mission Many,13,Past,4,345.4,1381.6,3879.82
518,2024-10-23,47,Glenn Holmes,debrafoster@example.com,236,Play One,1,Have,2,374.63,749.26,3879.82
518,2024-10-23,47,Glenn Holmes,debrafoster@example.com,206,Seat Town,10,President,4,415.22,1660.88,3879.82
518,2024-10-23,47,Glenn Holmes,debrafoster@example.com,31,Effect Character,7,Phone,1,22.44,22.44,3879.82
519,2023-11-17,176,Perry Thompson,amanda32@example.com,279,Property Note,7,Phone,3,401.9,1205.6999999999998,3618.09
519,2023-11-17,176,Perry Thompson,amanda32@example.com,229,Nothing Develop,4,Choice,2,478.71,957.42,3618.09
519,2023-11-17,176,Perry Thompson,amanda32@example.com,183,Design Our,7,Phone,3,484.99,1454.97,3618.09
520,2024-08-01,102,Kelly Hester,mcbrideshannon@example.net,91,Space Author,11,Young,4,477.97,1911.88,5740.25
520,2024-08-01,102,Kelly Hester,mcbrideshannon@example.net,134,Simple Thing,3,One,3,225.34,676.02,5740.25
520,2024-08-01,102,Kelly Hester,mcbrideshannon@example.net,135,Establish Heavy,16,The,2,342.38,684.76,5740.25
520,2024-08-01,102,Kelly Hester,mcbrideshannon@example.net,65,Benefit Real,4,Choice,4,488.07,1952.28,5740.25
520,2024-08-01,102,Kelly Hester,mcbrideshannon@example.net,238,Figure A,17,Support,3,171.77,515.3100000000001,5740.25
521,2024-04-10,49,Joseph Anderson,oross@example.com,190,Lawyer Head,1,Have,4,424.43,1697.72,1747.44
521,2024-04-10,49,Joseph Anderson,oross@example.com,273,Condition According,16,The,4,12.43,49.72,1747.44
522,2024-06-01,75,Dana Dyer,walkerbruce@example.net,173,Water Option,20,Mind,4,96.07,384.28,2628.32
522,2024-06-01,75,Dana Dyer,walkerbruce@example.net,298,Today Unit,14,Break,4,296.11,1184.44,2628.32
522,2024-06-01,75,Dana Dyer,walkerbruce@example.net,247,Role Per,19,Different,2,97.46,194.92,2628.32
522,2024-06-01,75,Dana Dyer,walkerbruce@example.net,261,Century Herself,7,Phone,2,432.34,864.68,2628.32
523,2025-06-17,50,Ralph Pennington,kerrihahn@example.org,273,Condition According,16,The,3,12.43,37.29,1169.87
523,2025-06-17,50,Ralph Pennington,kerrihahn@example.org,79,Unit Could,10,President,1,181.67,181.67,1169.87
523,2025-06-17,50,Ralph Pennington,kerrihahn@example.org,251,Next Us,11,Young,3,316.97,950.9100000000001,1169.87
524,2024-07-25,153,Erica Hood,bryantmelvin@example.org,179,Past Parent,11,Young,1,463.55,463.55,1965.6
524,2024-07-25,153,Erica Hood,bryantmelvin@example.org,166,Suggest Would,13,Past,4,298.21,1192.84,1965.6
524,2024-07-25,153,Erica Hood,bryantmelvin@example.org,144,Teacher Peace,17,Support,1,16.99,16.99,1965.6
524,2024-07-25,153,Erica Hood,bryantmelvin@example.org,197,Go Woman,7,Phone,1,292.22,292.22,1965.6
525,2024-04-26,5,Michael Chang,kellychad@example.net,104,Really Rich,7,Phone,1,449.39,449.39,739.04
525,2024-04-26,5,Michael Chang,kellychad@example.net,221,Suffer City,20,Mind,1,227.07,227.07,739.04
525,2024-04-26,5,Michael Chang,kellychad@example.net,34,Cultural White,11,Young,3,20.86,62.58,739.04
526,2024-05-25,199,Eric Buchanan,timothy26@example.org,87,Health Modern,8,Nor,2,183.58,367.16,367.16
527,2024-06-24,73,Michael Serrano,crystal77@example.com,111,Compare Media,15,Hour,4,133.57,534.28,1900.01
527,2024-06-24,73,Michael Serrano,crystal77@example.com,297,Until Few,8,Nor,4,291.97,1167.88,1900.01
527,2024-06-24,73,Michael Serrano,crystal77@example.com,108,Themselves Last,10,President,1,10.17,10.17,1900.01
527,2024-06-24,73,Michael Serrano,crystal77@example.com,4,Field Subject,4,Choice,1,187.68,187.68,1900.01
528,2024-01-31,55,Heidi Smith,ugilmore@example.com,256,Tell Behavior,14,Break,2,197.05,394.1,2435.65
528,2024-01-31,55,Heidi Smith,ugilmore@example.com,269,Personal Hotel,13,Past,2,263.01,526.02,2435.65
528,2024-01-31,55,Heidi Smith,ugilmore@example.com,58,Green Information,16,The,1,479.63,479.63,2435.65
528,2024-01-31,55,Heidi Smith,ugilmore@example.com,141,Since Lot,1,Have,3,345.3,1035.9,2435.65
529,2025-05-11,188,Phyllis Floyd,tsimmons@example.com,262,Appear Spend,8,Nor,2,491.42,982.84,1197.76
529,2025-05-11,188,Phyllis Floyd,tsimmons@example.com,276,Indeed Day,14,Break,2,82.3,164.6,1197.76
529,2025-05-11,188,Phyllis Floyd,tsimmons@example.com,160,See Item,18,Strong,2,25.16,50.32,1197.76
530,2024-11-03,96,Robert White,rebeccapatel@example.com,230,Officer News,19,Different,1,158.33,158.33,158.33
531,2024-01-10,126,Patricia Pugh,craigjohnson@example.org,242,Case Base,3,One,1,244.55,244.55,1007.84
531,2024-01-10,126,Patricia Pugh,craigjohnson@example.org,25,Employee Pay,3,One,3,254.43,763.29,1007.84
532,2024-09-13,164,Jodi Barker,alexandersimmons@example.com,177,Former Truth,4,Choice,2,43.67,87.34,87.34
533,2025-03-06,27,Beverly Torres,valenzuelajean@example.org,223,President Them,5,Peace,3,112.6,337.79999999999995,820.42
533,2025-03-06,27,Beverly Torres,valenzuelajean@example.org,286,During Challenge,18,Strong,2,241.31,482.62,820.42
534,2025-05-12,58,Jennifer Tran MD,donald25@example.com,227,West Star,11,Young,4,456.4,1825.6,1825.6
535,2025-10-28,114,Rachel Wilson,sherriperkins@example.com,136,Itself Green,6,Several,4,117.9,471.6,583.67
535,2025-10-28,114,Rachel Wilson,sherriperkins@example.com,18,Food Responsibility,2,Deal,1,112.07,112.07,583.67
536,2024-08-16,85,Paige Saunders,reederica@example.com,118,To Debate,8,Nor,1,105.26,105.26,605.92
536,2024-08-16,85,Paige Saunders,reederica@example.com,135,Establish Heavy,16,The,1,342.38,342.38,605.92
536,2024-08-16,85,Paige Saunders,reederica@example.com,117,Generation Dinner,17,Support,3,52.76,158.28,605.92
537,2025-03-04,112,Joseph Wilson,amanda53@example.com,277,Oil Stay,10,President,1,146.65,146.65,2511.93
537,2025-03-04,112,Joseph Wilson,amanda53@example.com,207,Skin Fly,17,Support,4,341.2,1364.8,2511.93
537,2025-03-04,112,Joseph Wilson,amanda53@example.com,143,Too Teach,19,Different,4,250.12,1000.48,2511.93
538,2024-07-26,69,Ronnie Welch,turnermichelle@example.com,297,Until Few,8,Nor,1,291.97,291.97,2231.19
538,2024-07-26,69,Ronnie Welch,turnermichelle@example.com,184,See Fund,5,Peace,1,205.93,205.93,2231.19
538,2024-07-26,69,Ronnie Welch,turnermichelle@example.com,141,Since Lot,1,Have,4,345.3,1381.2,2231.19
538,2024-07-26,69,Ronnie Welch,turnermichelle@example.com,271,Worry Medical,18,Strong,1,352.09,352.09,2231.19
539,2024-04-08,82,Samantha Kennedy,batessean@example.org,263,Onto Require,5,Peace,4,175.85,703.4,1554.05
539,2024-04-08,82,Samantha Kennedy,batessean@example.org,130,Performance Other,15,Hour,3,283.55,850.6500000000001,1554.05
540,2024-01-18,8,Samantha Benjamin,dustingray@example.com,24,Task Wait,2,Deal,1,489.49,489.49,4712.51
540,2024-01-18,8,Samantha Benjamin,dustingray@example.com,88,Edge Drug,15,Hour,4,220.79,883.16,4712.51
540,2024-01-18,8,Samantha Benjamin,dustingray@example.com,183,Design Our,7,Phone,4,484.99,1939.96,4712.51
540,2024-01-18,8,Samantha Benjamin,dustingray@example.com,149,Around Away,14,Break,2,344.17,688.34,4712.51
540,2024-01-18,8,Samantha Benjamin,dustingray@example.com,145,In Benefit,7,Phone,2,355.78,711.56,4712.51
541,2024-02-06,65,Dylan Walker,edward17@example.com,205,Month Interesting,9,Wind,4,47.63,190.52,299.34
541,2024-02-06,65,Dylan Walker,edward17@example.com,168,Ever Three,7,Phone,1,108.82,108.82,299.34
542,2025-10-04,114,Rachel Wilson,sherriperkins@example.com,193,Down Up,18,Strong,2,260.78,521.56,1220.22
542,2025-10-04,114,Rachel Wilson,sherriperkins@example.com,139,Law Near,18,Strong,1,487.38,487.38,1220.22
542,2025-10-04,114,Rachel Wilson,sherriperkins@example.com,146,Democratic Want,1,Have,4,22.64,90.56,1220.22
542,2025-10-04,114,Rachel Wilson,sherriperkins@example.com,44,Remember That,2,Deal,2,60.36,120.72,1220.22
543,2024-05-30,83,Alexis Everett,grichards@example.com,100,Mission Many,13,Past,4,345.4,1381.6,1381.6
544,2025-08-03,149,Joan Dickerson,rebeccabarton@example.org,234,Capital Make,18,Strong,4,18.32,73.28,2226.1
544,2025-08-03,149,Joan Dickerson,rebeccabarton@example.org,161,Story What,17,Support,1,372.98,372.98,2226.1
544,2025-08-03,149,Joan Dickerson,rebeccabarton@example.org,143,Too Teach,19,Different,1,250.12,250.12,2226.1
544,2025-08-03,149,Joan Dickerson,rebeccabarton@example.org,27,North Man,4,Choice,2,285.09,570.18,2226.1
544,2025-08-03,149,Joan Dickerson,rebeccabarton@example.org,259,Along Feel,2,Deal,2,479.77,959.54,2226.1
545,2024-11-12,164,Jodi Barker,alexandersimmons@example.com,37,Indicate Value,13,Past,2,296.88,593.76,2667.56
545,2024-11-12,164,Jodi Barker,alexandersimmons@example.com,56,Hit Clear,4,Choice,3,61.81,185.43,2667.56
545,2024-11-12,164,Jodi Barker,alexandersimmons@example.com,72,Agree That,19,Different,3,456.83,1370.49,2667.56
545,2024-11-12,164,Jodi Barker,alexandersimmons@example.com,124,Six Series,5,Peace,4,129.47,517.88,2667.56
546,2024-03-28,87,Robert Vazquez,patricia40@example.org,3,Cause Near,7,Phone,4,166.58,666.32,1662.3
546,2024-03-28,87,Robert Vazquez,patricia40@example.org,234,Capital Make,18,Strong,4,18.32,73.28,1662.3
546,2024-03-28,87,Robert Vazquez,patricia40@example.org,35,Join Woman,4,Choice,2,29.96,59.92,1662.3
546,2024-03-28,87,Robert Vazquez,patricia40@example.org,46,Like Professor,9,Wind,2,159.21,318.42,1662.3
546,2024-03-28,87,Robert Vazquez,patricia40@example.org,174,Tend Music,1,Have,4,136.09,544.36,1662.3
547,2024-01-24,69,Ronnie Welch,turnermichelle@example.com,10,Player Long,10,President,1,404.49,404.49,1147.53
547,2024-01-24,69,Ronnie Welch,turnermichelle@example.com,192,Art Understand,15,Hour,3,115.13,345.39,1147.53
547,2024-01-24,69,Ronnie Welch,turnermichelle@example.com,290,Likely Concern,13,Past,3,132.55,397.65000000000003,1147.53
548,2024-06-07,145,Kimberly Wallace,ayersalicia@example.org,228,Despite Kid,10,President,1,147.6,147.6,883.3
548,2024-06-07,145,Kimberly Wallace,ayersalicia@example.org,86,Up Form,15,Hour,4,7.44,29.76,883.3
548,2024-06-07,145,Kimberly Wallace,ayersalicia@example.org,293,Sell Else,4,Choice,2,352.97,705.94,883.3
549,2025-01-13,186,Mark Leonard,thomas23@example.net,148,Hot South,3,One,2,295.93,591.86,2128.34
549,2025-01-13,186,Mark Leonard,thomas23@example.net,119,South Act,15,Hour,4,384.12,1536.48,2128.34
550,2025-07-25,39,Taylor Ramirez,amy11@example.com,58,Green Information,16,The,1,479.63,479.63,2808.59
550,2025-07-25,39,Taylor Ramirez,amy11@example.com,219,Could Kid,1,Have,4,297.5,1190.0,2808.59
550,2025-07-25,39,Taylor Ramirez,amy11@example.com,207,Skin Fly,17,Support,2,341.2,682.4,2808.59
550,2025-07-25,39,Taylor Ramirez,amy11@example.com,154,Talk Word,2,Deal,2,228.28,456.56,2808.59
551,2024-03-08,67,Jeffrey Anderson,henrymelissa@example.com,285,Increase Behind,11,Young,4,71.22,284.88,699.82
551,2024-03-08,67,Jeffrey Anderson,henrymelissa@example.com,121,Four Eye,20,Mind,1,343.22,343.22,699.82
551,2024-03-08,67,Jeffrey Anderson,henrymelissa@example.com,216,Oil Change,6,Several,4,17.93,71.72,699.82
552,2024-08-18,21,Jeremy Gill,craiggonzalez@example.net,297,Until Few,8,Nor,1,291.97,291.97,291.97
553,2024-05-06,133,Brittany Preston,egilbert@example.com,213,Sort Half,18,Strong,3,50.51,151.53,3179.0
553,2024-05-06,133,Brittany Preston,egilbert@example.com,113,Song Describe,3,One,4,282.53,1130.12,3179.0
553,2024-05-06,133,Brittany Preston,egilbert@example.com,237,Wait Five,1,Have,3,288.17,864.51,3179.0
553,2024-05-06,133,Brittany Preston,egilbert@example.com,49,Really However,17,Support,3,344.28,1032.84,3179.0
554,2024-12-12,61,Henry Hogan,johnortiz@example.net,177,Former Truth,4,Choice,3,43.67,131.01,2673.55
554,2024-12-12,61,Henry Hogan,johnortiz@example.net,207,Skin Fly,17,Support,4,341.2,1364.8,2673.55
554,2024-12-12,61,Henry Hogan,johnortiz@example.net,239,Truth Move,12,Who,2,274.02,548.04,2673.55
554,2024-12-12,61,Henry Hogan,johnortiz@example.net,209,Day Picture,18,Strong,3,209.9,629.7,2673.55
555,2024-04-20,121,Crystal Escobar,qwalker@example.net,228,Despite Kid,10,President,1,147.6,147.6,478.35
555,2024-04-20,121,Crystal Escobar,qwalker@example.net,150,What Thing,17,Support,3,110.25,330.75,478.35
556,2025-01-28,179,Nancy Wilson,elizabeth54@example.com,94,Firm No,15,Hour,2,180.73,361.46,1030.66
556,2025-01-28,179,Nancy Wilson,elizabeth54@example.com,231,Travel Strong,5,Peace,1,84.5,84.5,1030.66
556,2025-01-28,179,Nancy Wilson,elizabeth54@example.com,276,Indeed Day,14,Break,3,82.3,246.89999999999998,1030.66
556,2025-01-28,179,Nancy Wilson,elizabeth54@example.com,223,President Them,5,Peace,3,112.6,337.79999999999995,1030.66
557,2024-12-25,19,Harry Bruce,phall@example.com,41,Traditional Image,1,Have,1,254.19,254.19,2172.22
557,2024-12-25,19,Harry Bruce,phall@example.com,226,Fast Still,13,Past,1,437.72,437.72,2172.22
557,2024-12-25,19,Harry Bruce,phall@example.com,168,Ever Three,7,Phone,2,108.82,217.64,2172.22
557,2024-12-25,19,Harry Bruce,phall@example.com,267,These Include,7,Phone,2,80.88,161.76,2172.22
557,2024-12-25,19,Harry Bruce,phall@example.com,243,Learn Space,19,Different,3,366.97,1100.91,2172.22
558,2024-07-01,81,Jordan Tucker,cordovamelissa@example.org,216,Oil Change,6,Several,1,17.93,17.93,17.93
559,2025-05-23,185,Eric Woods,janet14@example.com,47,Recently Anyone,9,Wind,3,142.72,428.15999999999997,2965.45
559,2025-05-23,185,Eric Woods,janet14@example.com,125,General Respond,4,Choice,3,259.56,778.6800000000001,2965.45
559,2025-05-23,185,Eric Woods,janet14@example.com,55,Result Bad,9,Wind,3,397.85,1193.5500000000002,2965.45
559,2025-05-23,185,Eric Woods,janet14@example.com,113,Song Describe,3,One,2,282.53,565.06,2965.45
560,2024-03-13,55,Heidi Smith,ugilmore@example.com,264,Woman Mission,20,Mind,4,177.38,709.52,1039.18
560,2024-03-13,55,Heidi Smith,ugilmore@example.com,212,Energy Usually,12,Who,2,164.83,329.66,1039.18
561,2024-06-29,186,Mark Leonard,thomas23@example.net,200,Available Both,14,Break,4,385.53,1542.12,1685.88
561,2024-06-29,186,Mark Leonard,thomas23@example.net,67,Actually Difficult,19,Different,1,100.71,100.71,1685.88
561,2024-06-29,186,Mark Leonard,thomas23@example.net,202,Professor Effort,4,Choice,3,14.35,43.05,1685.88
562,2023-12-02,24,Mark Holloway,orivera@example.com,64,Bank Area,18,Strong,4,274.98,1099.92,2608.75
562,2023-12-02,24,Mark Holloway,orivera@example.com,278,Large Fill,8,Nor,1,448.51,448.51,2608.75
562,2023-12-02,24,Mark Holloway,orivera@example.com,20,Lead Contain,6,Several,4,189.84,759.36,2608.75
562,2023-12-02,24,Mark Holloway,orivera@example.com,216,Oil Change,6,Several,2,17.93,35.86,2608.75
562,2023-12-02,24,Mark Holloway,orivera@example.com,290,Likely Concern,13,Past,2,132.55,265.1,2608.75
563,2025-03-19,168,Karen Christensen,vazquezjeremy@example.org,78,Woman Worker,1,Have,2,224.22,448.44,2199.32
563,2025-03-19,168,Karen Christensen,vazquezjeremy@example.org,226,Fast Still,13,Past,4,437.72,1750.88,2199.32
564,2025-06-23,115,Amy James,kelseybush@example.com,244,Occur Traditional,7,Phone,2,380.18,760.36,3591.46
564,2025-06-23,115,Amy James,kelseybush@example.com,182,Anyone Rich,16,The,2,327.71,655.42,3591.46
564,2025-06-23,115,Amy James,kelseybush@example.com,278,Large Fill,8,Nor,4,448.51,1794.04,3591.46
564,2025-06-23,115,Amy James,kelseybush@example.com,218,Top School,7,Phone,4,26.83,107.32,3591.46
564,2025-06-23,115,Amy James,kelseybush@example.com,74,Full Camera,18,Strong,3,91.44,274.32,3591.46
565,2024-10-29,149,Joan Dickerson,rebeccabarton@example.org,121,Four Eye,20,Mind,2,343.22,686.44,1640.9
565,2024-10-29,149,Joan Dickerson,rebeccabarton@example.org,97,Bag Call,2,Deal,2,477.23,954.46,1640.9
566,2025-11-05,53,Frank Montgomery,kevinreed@example.com,49,Really However,17,Support,4,344.28,1377.12,1658.51
566,2025-11-05,53,Frank Montgomery,kevinreed@example.com,12,Often Law,13,Past,1,226.43,226.43,1658.51
566,2025-11-05,53,Frank Montgomery,kevinreed@example.com,234,Capital Make,18,Strong,3,18.32,54.96,1658.51
567,2024-10-10,68,Nicholas Burgess,allenkenneth@example.com,3,Cause Near,7,Phone,4,166.58,666.32,1591.02
567,2024-10-10,68,Nicholas Burgess,allenkenneth@example.com,6,Plan Discussion,7,Phone,2,434.61,869.22,1591.02
567,2024-10-10,68,Nicholas Burgess,allenkenneth@example.com,51,Attention Local,7,Phone,2,27.74,55.48,1591.02
568,2025-03-30,155,Michael Baxter,davidsilva@example.com,246,Plant Small,11,Young,4,307.59,1230.36,1230.36
569,2024-11-12,145,Kimberly Wallace,ayersalicia@example.org,19,Ten Establish,19,Different,3,209.21,627.63,802.31
569,2024-11-12,145,Kimberly Wallace,ayersalicia@example.org,177,Former Truth,4,Choice,4,43.67,174.68,802.31
570,2024-05-23,169,Stephanie Bonilla PhD,sgray@example.org,164,History Involve,2,Deal,3,338.36,1015.08,4522.06
570,2024-05-23,169,Stephanie Bonilla PhD,sgray@example.org,285,Increase Behind,11,Young,2,71.22,142.44,4522.06
570,2024-05-23,169,Stephanie Bonilla PhD,sgray@example.org,174,Tend Music,1,Have,4,136.09,544.36,4522.06
570,2024-05-23,169,Stephanie Bonilla PhD,sgray@example.org,232,Feel End,6,Several,4,495.28,1981.12,4522.06
570,2024-05-23,169,Stephanie Bonilla PhD,sgray@example.org,109,Vote Mother,7,Phone,2,419.53,839.06,4522.06
571,2025-03-15,12,Kenneth Holland,george62@example.org,292,Turn Consumer,1,Have,2,184.28,368.56,368.56
572,2024-06-18,74,Matthew Gilbert,laurenkelly@example.com,204,Civil Officer,5,Peace,1,404.78,404.78,3511.94
572,2024-06-18,74,Matthew Gilbert,laurenkelly@example.com,184,See Fund,5,Peace,3,205.93,617.79,3511.94
572,2024-06-18,74,Matthew Gilbert,laurenkelly@example.com,300,Difference Discover,15,Hour,4,296.73,1186.92,3511.94
572,2024-06-18,74,Matthew Gilbert,laurenkelly@example.com,190,Lawyer Head,1,Have,3,424.43,1273.29,3511.94
572,2024-06-18,74,Matthew Gilbert,laurenkelly@example.com,7,Because Night,2,Deal,4,7.29,29.16,3511.94
573,2024-12-16,110,Holly Mathis,andersonaustin@example.org,76,Director Standard,14,Break,3,48.55,145.64999999999998,2838.96
573,2024-12-16,110,Holly Mathis,andersonaustin@example.org,218,Top School,7,Phone,3,26.83,80.49,2838.96
573,2024-12-16,110,Holly Mathis,andersonaustin@example.org,132,Wind Glass,18,Strong,3,450.02,1350.06,2838.96
573,2024-12-16,110,Holly Mathis,andersonaustin@example.org,30,Author Indicate,20,Mind,3,420.92,1262.76,2838.96
574,2024-08-12,151,Megan Simpson,devon28@example.net,210,Total Everyone,13,Past,1,383.33,383.33,2165.69
574,2024-08-12,151,Megan Simpson,devon28@example.net,131,Of Audience,15,Hour,2,309.69,619.38,2165.69
574,2024-08-12,151,Megan Simpson,devon28@example.net,13,Approach Politics,9,Wind,2,102.84,205.68,2165.69
574,2024-08-12,151,Megan Simpson,devon28@example.net,186,Sort Animal,8,Nor,2,290.59,581.18,2165.69
574,2024-08-12,151,Megan Simpson,devon28@example.net,233,Real It,9,Wind,2,188.06,376.12,2165.69
575,2025-10-18,161,Matthew Baldwin,dconner@example.com,229,Nothing Develop,4,Choice,4,478.71,1914.84,4827.04
575,2025-10-18,161,Matthew Baldwin,dconner@example.com,124,Six Series,5,Peace,4,129.47,517.88,4827.04
575,2025-10-18,161,Matthew Baldwin,dconner@example.com,251,Next Us,11,Young,3,316.97,950.9100000000001,4827.04
575,2025-10-18,161,Matthew Baldwin,dconner@example.com,117,Generation Dinner,17,Support,1,52.76,52.76,4827.04
575,2025-10-18,161,Matthew Baldwin,dconner@example.com,179,Past Parent,11,Young,3,463.55,1390.65,4827.04
576,2024-10-15,22,Rebecca Evans,alexandria34@example.com,193,Down Up,18,Strong,3,260.78,782.3399999999999,3642.26
576,2024-10-15,22,Rebecca Evans,alexandria34@example.com,269,Personal Hotel,13,Past,3,263.01,789.03,3642.26
576,2024-10-15,22,Rebecca Evans,alexandria34@example.com,294,Whether Value,1,Have,3,455.57,1366.71,3642.26
576,2024-10-15,22,Rebecca Evans,alexandria34@example.com,271,Worry Medical,18,Strong,2,352.09,704.18,3642.26
577,2025-04-29,26,Timothy Wyatt,tammy31@example.net,199,Level Mission,18,Strong,3,334.72,1004.1600000000001,3028.03
577,2025-04-29,26,Timothy Wyatt,tammy31@example.net,16,Hold Past,5,Peace,2,305.67,611.34,3028.03
577,2025-04-29,26,Timothy Wyatt,tammy31@example.net,106,First Party,20,Mind,4,133.29,533.16,3028.03
577,2025-04-29,26,Timothy Wyatt,tammy31@example.net,108,Themselves Last,10,President,3,10.17,30.509999999999998,3028.03
577,2025-04-29,26,Timothy Wyatt,tammy31@example.net,190,Lawyer Head,1,Have,2,424.43,848.86,3028.03
578,2025-09-01,59,Jeffrey Garcia,kristenalvarez@example.com,209,Day Picture,18,Strong,1,209.9,209.9,576.87
578,2025-09-01,59,Jeffrey Garcia,kristenalvarez@example.com,243,Learn Space,19,Different,1,366.97,366.97,576.87
579,2024-01-16,123,Ryan Johnson,alexandra88@example.org,206,Seat Town,10,President,2,415.22,830.44,3922.41
579,2024-01-16,123,Ryan Johnson,alexandra88@example.org,107,Bar Also,6,Several,4,345.6,1382.4,3922.41
579,2024-01-16,123,Ryan Johnson,alexandra88@example.org,223,President Them,5,Peace,2,112.6,225.2,3922.41
579,2024-01-16,123,Ryan Johnson,alexandra88@example.org,274,Stay Go,20,Mind,3,398.72,1196.16,3922.41
579,2024-01-16,123,Ryan Johnson,alexandra88@example.org,173,Water Option,20,Mind,3,96.07,288.21,3922.41
580,2024-09-24,137,Christopher Alexander,msanchez@example.org,294,Whether Value,1,Have,3,455.57,1366.71,3587.16
580,2024-09-24,137,Christopher Alexander,msanchez@example.org,46,Like Professor,9,Wind,3,159.21,477.63,3587.16
580,2024-09-24,137,Christopher Alexander,msanchez@example.org,17,Family Interest,11,Young,4,290.41,1161.64,3587.16
580,2024-09-24,137,Christopher Alexander,msanchez@example.org,186,Sort Animal,8,Nor,2,290.59,581.18,3587.16
581,2024-02-04,78,Richard Smith,joseph57@example.com,212,Energy Usually,12,Who,2,164.83,329.66,3113.68
581,2024-02-04,78,Richard Smith,joseph57@example.com,41,Traditional Image,1,Have,4,254.19,1016.76,3113.68
581,2024-02-04,78,Richard Smith,joseph57@example.com,251,Next Us,11,Young,4,316.97,1267.88,3113.68
581,2024-02-04,78,Richard Smith,joseph57@example.com,76,Director Standard,14,Break,4,48.55,194.2,3113.68
581,2024-02-04,78,Richard Smith,joseph57@example.com,114,Focus Early,15,Hour,2,152.59,305.18,3113.68
582,2025-11-12,24,Mark Holloway,orivera@example.com,121,Four Eye,20,Mind,4,343.22,1372.88,1957.46
582,2025-11-12,24,Mark Holloway,orivera@example.com,253,Tell Miss,19,Different,2,292.29,584.58,1957.46
583,2024-02-02,1,Dana Williams,valenciahenry@example.net,182,Anyone Rich,16,The,4,327.71,1310.84,2075.26
583,2024-02-02,1,Dana Williams,valenciahenry@example.net,72,Agree That,19,Different,1,456.83,456.83,2075.26
583,2024-02-02,1,Dana Williams,valenciahenry@example.net,246,Plant Small,11,Young,1,307.59,307.59,2075.26
584,2025-10-05,70,Elizabeth Arnold,umoore@example.com,159,West Wind,4,Choice,3,278.1,834.3000000000001,2548.28
584,2025-10-05,70,Elizabeth Arnold,umoore@example.com,283,Two Bar,1,Have,1,218.21,218.21,2548.28
584,2025-10-05,70,Elizabeth Arnold,umoore@example.com,79,Unit Could,10,President,3,181.67,545.01,2548.28
584,2025-10-05,70,Elizabeth Arnold,umoore@example.com,107,Bar Also,6,Several,2,345.6,691.2,2548.28
584,2025-10-05,70,Elizabeth Arnold,umoore@example.com,125,General Respond,4,Choice,1,259.56,259.56,2548.28
585,2024-07-31,22,Rebecca Evans,alexandria34@example.com,137,Arm Base,6,Several,3,232.08,696.24,1866.43
585,2024-07-31,22,Rebecca Evans,alexandria34@example.com,95,Song Color,11,Young,1,320.9,320.9,1866.43
585,2024-07-31,22,Rebecca Evans,alexandria34@example.com,115,Prove Make,10,President,2,43.36,86.72,1866.43
585,2024-07-31,22,Rebecca Evans,alexandria34@example.com,41,Traditional Image,1,Have,3,254.19,762.5699999999999,1866.43
586,2024-05-19,63,Sara Davis,gharris@example.org,262,Appear Spend,8,Nor,3,491.42,1474.26,2692.3
586,2024-05-19,63,Sara Davis,gharris@example.org,120,Girl Radio,1,Have,4,304.51,1218.04,2692.3
587,2025-10-30,120,Mr. Tyler Norton,lloydmonica@example.com,144,Teacher Peace,17,Support,1,16.99,16.99,361.33
587,2025-10-30,120,Mr. Tyler Norton,lloydmonica@example.com,126,Audience Rock,8,Nor,3,114.78,344.34000000000003,361.33
588,2025-03-10,120,Mr. Tyler Norton,lloydmonica@example.com,226,Fast Still,13,Past,2,437.72,875.44,1539.68
588,2025-03-10,120,Mr. Tyler Norton,lloydmonica@example.com,129,Water Another,2,Deal,1,303.9,303.9,1539.68
588,2025-03-10,120,Mr. Tyler Norton,lloydmonica@example.com,62,Stage Bit,5,Peace,2,180.17,360.34,1539.68
589,2024-01-10,198,Rebecca Kaufman,amandarivers@example.org,37,Indicate Value,13,Past,1,296.88,296.88,296.88
590,2025-05-04,123,Ryan Johnson,alexandra88@example.org,9,Here But,4,Choice,3,133.91,401.73,401.73
591,2024-04-09,65,Dylan Walker,edward17@example.com,148,Hot South,3,One,1,295.93,295.93,2249.45
591,2024-04-09,65,Dylan Walker,edward17@example.com,254,Cultural Responsibility,15,Hour,4,232.7,930.8,2249.45
591,2024-04-09,65,Dylan Walker,edward17@example.com,132,Wind Glass,18,Strong,1,450.02,450.02,2249.45
591,2024-04-09,65,Dylan Walker,edward17@example.com,291,Imagine Indeed,18,Strong,3,181.18,543.54,2249.45
591,2024-04-09,65,Dylan Walker,edward17@example.com,7,Because Night,2,Deal,4,7.29,29.16,2249.45
592,2023-12-24,34,Brent Kemp,christophergill@example.com,23,Occur Still,15,Hour,1,312.59,312.59,2113.55
592,2023-12-24,34,Brent Kemp,christophergill@example.com,239,Truth Move,12,Who,2,274.02,548.04,2113.55
592,2023-12-24,34,Brent Kemp,christophergill@example.com,290,Likely Concern,13,Past,3,132.55,397.65000000000003,2113.55
592,2023-12-24,34,Brent Kemp,christophergill@example.com,27,North Man,4,Choice,3,285.09,855.27,2113.55
593,2025-02-01,36,Cindy Rodriguez,fordjeffery@example.org,191,Trial Too,18,Strong,3,66.79,200.37,1078.3
593,2025-02-01,36,Cindy Rodriguez,fordjeffery@example.org,216,Oil Change,6,Several,3,17.93,53.79,1078.3
593,2025-02-01,36,Cindy Rodriguez,fordjeffery@example.org,138,Probably Officer,1,Have,1,264.31,264.31,1078.3
593,2025-02-01,36,Cindy Rodriguez,fordjeffery@example.org,15,Fact Few,8,Nor,1,329.57,329.57,1078.3
593,2025-02-01,36,Cindy Rodriguez,fordjeffery@example.org,192,Art Understand,15,Hour,2,115.13,230.26,1078.3
594,2024-11-06,182,Raymond Taylor,williemorris@example.com,71,Party Example,10,President,2,84.14,168.28,1429.6
594,2024-11-06,182,Raymond Taylor,williemorris@example.com,29,Possible Bring,3,One,2,267.32,534.64,1429.6
594,2024-11-06,182,Raymond Taylor,williemorris@example.com,79,Unit Could,10,President,4,181.67,726.68,1429.6
595,2025-01-05,42,Regina Thomas,ncurry@example.net,272,Detail Occur,16,The,2,194.42,388.84,2293.58
595,2025-01-05,42,Regina Thomas,ncurry@example.net,37,Indicate Value,13,Past,2,296.88,593.76,2293.58
595,2025-01-05,42,Regina Thomas,ncurry@example.net,29,Possible Bring,3,One,2,267.32,534.64,2293.58
595,2025-01-05,42,Regina Thomas,ncurry@example.net,281,President Scientist,13,Past,3,258.78,776.3399999999999,2293.58
596,2025-02-10,191,Zachary Johnson,dawnharris@example.net,113,Song Describe,3,One,2,282.53,565.06,2294.4
596,2025-02-10,191,Zachary Johnson,dawnharris@example.net,24,Task Wait,2,Deal,2,489.49,978.98,2294.4
596,2025-02-10,191,Zachary Johnson,dawnharris@example.net,143,Too Teach,19,Different,3,250.12,750.36,2294.4
597,2024-01-14,55,Heidi Smith,ugilmore@example.com,293,Sell Else,4,Choice,1,352.97,352.97,3601.75
597,2024-01-14,55,Heidi Smith,ugilmore@example.com,2,May Mouth,15,Hour,3,446.5,1339.5,3601.75
597,2024-01-14,55,Heidi Smith,ugilmore@example.com,236,Play One,1,Have,1,374.63,374.63,3601.75
597,2024-01-14,55,Heidi Smith,ugilmore@example.com,163,Indicate Ball,16,The,3,492.37,1477.1100000000001,3601.75
597,2024-01-14,55,Heidi Smith,ugilmore@example.com,28,Food Voice,5,Peace,2,28.77,57.54,3601.75
598,2024-09-30,184,Austin Ortiz,haileybrown@example.com,273,Condition According,16,The,3,12.43,37.29,37.29
599,2025-03-21,39,Taylor Ramirez,amy11@example.com,283,Two Bar,1,Have,1,218.21,218.21,2311.2
599,2025-03-21,39,Taylor Ramirez,amy11@example.com,46,Like Professor,9,Wind,3,159.21,477.63,2311.2
599,2025-03-21,39,Taylor Ramirez,amy11@example.com,287,Would Real,6,Several,4,403.84,1615.36,2311.2
600,2024-10-30,170,Howard Munoz,smithdaniel@example.net,277,Oil Stay,10,President,4,146.65,586.6,1456.96
600,2024-10-30,170,Howard Munoz,smithdaniel@example.net,129,Water Another,2,Deal,2,303.9,607.8,1456.96
600,2024-10-30,170,Howard Munoz,smithdaniel@example.net,195,Air Like,15,Hour,4,65.64,262.56,1456.96
601,2025-01-31,65,Dylan Walker,edward17@example.com,228,Despite Kid,10,President,1,147.6,147.6,3674.54
601,2025-01-31,65,Dylan Walker,edward17@example.com,288,Several Bill,18,Strong,4,342.54,1370.16,3674.54
601,2025-01-31,65,Dylan Walker,edward17@example.com,209,Day Picture,18,Strong,3,209.9,629.7,3674.54
601,2025-01-31,65,Dylan Walker,edward17@example.com,260,Important Forward,15,Hour,4,282.09,1128.36,3674.54
601,2025-01-31,65,Dylan Walker,edward17@example.com,274,Stay Go,20,Mind,1,398.72,398.72,3674.54
602,2025-09-19,166,Kristy Smith,stevensbrandon@example.org,19,Ten Establish,19,Different,4,209.21,836.84,885.26
602,2025-09-19,166,Kristy Smith,stevensbrandon@example.org,63,Describe Little,17,Support,2,24.21,48.42,885.26
603,2024-05-11,91,Jose Frazier,greghale@example.net,216,Oil Change,6,Several,1,17.93,17.93,2602.89
603,2024-05-11,91,Jose Frazier,greghale@example.net,20,Lead Contain,6,Several,4,189.84,759.36,2602.89
603,2024-05-11,91,Jose Frazier,greghale@example.net,227,West Star,11,Young,4,456.4,1825.6,2602.89
604,2025-07-15,33,Brandon Hamilton,tracyadams@example.net,228,Despite Kid,10,President,2,147.6,295.2,3193.45
604,2025-07-15,33,Brandon Hamilton,tracyadams@example.net,254,Cultural Responsibility,15,Hour,3,232.7,698.0999999999999,3193.45
604,2025-07-15,33,Brandon Hamilton,tracyadams@example.net,75,Air Ability,2,Deal,2,463.55,927.1,3193.45
604,2025-07-15,33,Brandon Hamilton,tracyadams@example.net,38,Girl Pattern,3,One,4,182.01,728.04,3193.45
604,2025-07-15,33,Brandon Hamilton,tracyadams@example.net,79,Unit Could,10,President,3,181.67,545.01,3193.45
605,2024-02-10,130,Kristie Mcmillan,kristina16@example.org,223,President Them,5,Peace,1,112.6,112.6,133.44
605,2024-02-10,130,Kristie Mcmillan,kristina16@example.org,39,Form Pull,4,Choice,1,20.84,20.84,133.44
606,2024-02-19,41,Christopher Garcia,keithturner@example.com,204,Civil Officer,5,Peace,2,404.78,809.56,1553.12
606,2024-02-19,41,Christopher Garcia,keithturner@example.com,266,Second With,2,Deal,2,371.78,743.56,1553.12
607,2023-11-17,181,Christopher Adkins,ycole@example.com,112,Professional Defense,16,The,1,483.26,483.26,483.26
608,2024-11-03,12,Kenneth Holland,george62@example.org,262,Appear Spend,8,Nor,4,491.42,1965.68,3608.95
608,2024-11-03,12,Kenneth Holland,george62@example.org,229,Nothing Develop,4,Choice,1,478.71,478.71,3608.95
608,2024-11-03,12,Kenneth Holland,george62@example.org,138,Probably Officer,1,Have,4,264.31,1057.24,3608.95
608,2024-11-03,12,Kenneth Holland,george62@example.org,218,Top School,7,Phone,4,26.83,107.32,3608.95
609,2024-05-20,148,Randy Taylor,whitedavid@example.org,40,Success Family,1,Have,3,389.12,1167.3600000000001,1167.36
610,2025-04-07,128,Emily Gordon,urandolph@example.com,81,Religious None,18,Strong,2,317.02,634.04,807.48
610,2025-04-07,128,Emily Gordon,urandolph@example.com,115,Prove Make,10,President,4,43.36,173.44,807.48
611,2024-10-21,34,Brent Kemp,christophergill@example.com,262,Appear Spend,8,Nor,1,491.42,491.42,1237.11
611,2024-10-21,34,Brent Kemp,christophergill@example.com,210,Total Everyone,13,Past,1,383.33,383.33,1237.11
611,2024-10-21,34,Brent Kemp,christophergill@example.com,291,Imagine Indeed,18,Strong,2,181.18,362.36,1237.11
612,2024-03-23,194,Jennifer Flowers,jennifer21@example.com,289,Fight Assume,10,President,3,337.78,1013.3399999999999,1013.34
613,2024-02-17,2,Roger Young,butlerjerry@example.com,230,Officer News,19,Different,3,158.33,474.99,474.99
614,2025-03-03,199,Eric Buchanan,timothy26@example.org,70,Student Democrat,20,Mind,1,449.78,449.78,1477.64
614,2025-03-03,199,Eric Buchanan,timothy26@example.org,216,Oil Change,6,Several,2,17.93,35.86,1477.64
614,2025-03-03,199,Eric Buchanan,timothy26@example.org,199,Level Mission,18,Strong,1,334.72,334.72,1477.64
614,2025-03-03,199,Eric Buchanan,timothy26@example.org,295,Yard Conference,6,Several,2,328.64,657.28,1477.64
615,2023-12-04,72,Cody Davis,elizabeth77@example.net,144,Teacher Peace,17,Support,4,16.99,67.96,67.96
616,2024-07-04,46,Alexander Dickerson,mariagreen@example.net,257,Keep Image,12,Who,1,108.93,108.93,4209.29
616,2024-07-04,46,Alexander Dickerson,mariagreen@example.net,118,To Debate,8,Nor,4,105.26,421.04,4209.29
616,2024-07-04,46,Alexander Dickerson,mariagreen@example.net,147,Direction Big,10,President,2,367.81,735.62,4209.29
616,2024-07-04,46,Alexander Dickerson,mariagreen@example.net,261,Century Herself,7,Phone,4,432.34,1729.36,4209.29
616,2024-07-04,46,Alexander Dickerson,mariagreen@example.net,204,Civil Officer,5,Peace,3,404.78,1214.34,4209.29
617,2024-10-08,17,David Clark,bhouse@example.com,75,Air Ability,2,Deal,4,463.55,1854.2,3040.75
617,2024-10-08,17,David Clark,bhouse@example.com,253,Tell Miss,19,Different,1,292.29,292.29,3040.75
617,2024-10-08,17,David Clark,bhouse@example.com,188,Student Sign,1,Have,2,278.13,556.26,3040.75
617,2024-10-08,17,David Clark,bhouse@example.com,231,Travel Strong,5,Peace,4,84.5,338.0,3040.75
618,2025-05-31,193,Anthony Bean,mgilmore@example.org,237,Wait Five,1,Have,2,288.17,576.34,1639.72
618,2025-05-31,193,Anthony Bean,mgilmore@example.org,276,Indeed Day,14,Break,2,82.3,164.6,1639.72
618,2025-05-31,193,Anthony Bean,mgilmore@example.org,104,Really Rich,7,Phone,2,449.39,898.78,1639.72
619,2024-02-21,80,Cynthia Malone,weaverjason@example.org,211,Almost Thousand,11,Young,4,231.19,924.76,3675.06
619,2024-02-21,80,Cynthia Malone,weaverjason@example.org,62,Stage Bit,5,Peace,2,180.17,360.34,3675.06
619,2024-02-21,80,Cynthia Malone,weaverjason@example.org,153,Identify Answer,19,Different,4,476.91,1907.64,3675.06
619,2024-02-21,80,Cynthia Malone,weaverjason@example.org,80,Provide Fight,8,Nor,4,120.58,482.32,3675.06
620,2025-05-21,196,Omar Lawson,butlersherry@example.org,113,Song Describe,3,One,2,282.53,565.06,1605.13
620,2025-05-21,196,Omar Lawson,butlersherry@example.org,260,Important Forward,15,Hour,2,282.09,564.18,1605.13
620,2025-05-21,196,Omar Lawson,butlersherry@example.org,299,Feel Meeting,12,Who,2,140.12,280.24,1605.13
620,2025-05-21,196,Omar Lawson,butlersherry@example.org,115,Prove Make,10,President,2,43.36,86.72,1605.13
620,2025-05-21,196,Omar Lawson,butlersherry@example.org,257,Keep Image,12,Who,1,108.93,108.93,1605.13
621,2025-08-12,7,Anthony Davis,lynnmichael@example.com,257,Keep Image,12,Who,2,108.93,217.86,217.86
622,2025-10-25,62,Kristy Richmond,bowersstacey@example.com,258,Daughter Return,11,Young,4,276.12,1104.48,4460.46
622,2025-10-25,62,Kristy Richmond,bowersstacey@example.com,147,Direction Big,10,President,1,367.81,367.81,4460.46
622,2025-10-25,62,Kristy Richmond,bowersstacey@example.com,40,Success Family,1,Have,4,389.12,1556.48,4460.46
622,2025-10-25,62,Kristy Richmond,bowersstacey@example.com,97,Bag Call,2,Deal,3,477.23,1431.69,4460.46
623,2025-05-14,36,Cindy Rodriguez,fordjeffery@example.org,41,Traditional Image,1,Have,2,254.19,508.38,508.38
624,2024-11-07,133,Brittany Preston,egilbert@example.com,148,Hot South,3,One,1,295.93,295.93,1675.4
624,2024-11-07,133,Brittany Preston,egilbert@example.com,223,President Them,5,Peace,4,112.6,450.4,1675.4
624,2024-11-07,133,Brittany Preston,egilbert@example.com,131,Of Audience,15,Hour,3,309.69,929.0699999999999,1675.4
625,2024-07-14,91,Jose Frazier,greghale@example.net,17,Family Interest,11,Young,2,290.41,580.82,3323.33
625,2024-07-14,91,Jose Frazier,greghale@example.net,283,Two Bar,1,Have,4,218.21,872.84,3323.33
625,2024-07-14,91,Jose Frazier,greghale@example.net,61,Actually List,6,Several,1,272.62,272.62,3323.33
625,2024-07-14,91,Jose Frazier,greghale@example.net,287,Would Real,6,Several,3,403.84,1211.52,3323.33
625,2024-07-14,91,Jose Frazier,greghale@example.net,200,Available Both,14,Break,1,385.53,385.53,3323.33
626,2024-06-19,190,Patrick Palmer,joshua72@example.com,286,During Challenge,18,Strong,1,241.31,241.31,1903.51
626,2024-06-19,190,Patrick Palmer,joshua72@example.com,22,Leave Leader,14,Break,2,155.35,310.7,1903.51
626,2024-06-19,190,Patrick Palmer,joshua72@example.com,256,Tell Behavior,14,Break,2,197.05,394.1,1903.51
626,2024-06-19,190,Patrick Palmer,joshua72@example.com,240,Over Bank,12,Who,4,239.35,957.4,1903.51
627,2025-01-31,161,Matthew Baldwin,dconner@example.com,56,Hit Clear,4,Choice,1,61.81,61.81,752.61
627,2025-01-31,161,Matthew Baldwin,dconner@example.com,100,Mission Many,13,Past,2,345.4,690.8,752.61
628,2024-10-07,55,Heidi Smith,ugilmore@example.com,32,Teacher Commercial,6,Several,2,316.23,632.46,2783.0
628,2024-10-07,55,Heidi Smith,ugilmore@example.com,147,Direction Big,10,President,1,367.81,367.81,2783.0
628,2024-10-07,55,Heidi Smith,ugilmore@example.com,284,Money Employee,4,Choice,3,355.86,1067.58,2783.0
628,2024-10-07,55,Heidi Smith,ugilmore@example.com,12,Often Law,13,Past,3,226.43,679.29,2783.0
628,2024-10-07,55,Heidi Smith,ugilmore@example.com,216,Oil Change,6,Several,2,17.93,35.86,2783.0
629,2025-03-24,103,Sean Perry,natalie17@example.org,258,Daughter Return,11,Young,3,276.12,828.36,2843.13
629,2025-03-24,103,Sean Perry,natalie17@example.org,47,Recently Anyone,9,Wind,2,142.72,285.44,2843.13
629,2025-03-24,103,Sean Perry,natalie17@example.org,175,General Those,15,Hour,1,483.49,483.49,2843.13
629,2025-03-24,103,Sean Perry,natalie17@example.org,105,One Itself,4,Choice,3,306.35,919.0500000000001,2843.13
629,2025-03-24,103,Sean Perry,natalie17@example.org,257,Keep Image,12,Who,3,108.93,326.79,2843.13
630,2025-03-22,194,Jennifer Flowers,jennifer21@example.com,125,General Respond,4,Choice,2,259.56,519.12,4144.57
630,2025-03-22,194,Jennifer Flowers,jennifer21@example.com,25,Employee Pay,3,One,2,254.43,508.86,4144.57
630,2025-03-22,194,Jennifer Flowers,jennifer21@example.com,43,Bad Cultural,20,Mind,4,495.01,1980.04,4144.57
630,2025-03-22,194,Jennifer Flowers,jennifer21@example.com,270,Hair Card,8,Nor,1,185.64,185.64,4144.57
630,2025-03-22,194,Jennifer Flowers,jennifer21@example.com,251,Next Us,11,Young,3,316.97,950.9100000000001,4144.57
631,2024-12-03,78,Richard Smith,joseph57@example.com,150,What Thing,17,Support,3,110.25,330.75,338.04
631,2024-12-03,78,Richard Smith,joseph57@example.com,7,Because Night,2,Deal,1,7.29,7.29,338.04
632,2025-01-02,38,Andrew Martin,ericwilson@example.com,22,Leave Leader,14,Break,1,155.35,155.35,1775.64
632,2025-01-02,38,Andrew Martin,ericwilson@example.com,165,Travel Mention,13,Past,4,278.11,1112.44,1775.64
632,2025-01-02,38,Andrew Martin,ericwilson@example.com,207,Skin Fly,17,Support,1,341.2,341.2,1775.64
632,2025-01-02,38,Andrew Martin,ericwilson@example.com,60,Discover Business,10,President,1,166.65,166.65,1775.64
633,2024-11-01,128,Emily Gordon,urandolph@example.com,264,Woman Mission,20,Mind,4,177.38,709.52,709.52
634,2024-06-05,27,Beverly Torres,valenzuelajean@example.org,167,Central Music,17,Support,4,76.86,307.44,2688.68
634,2024-06-05,27,Beverly Torres,valenzuelajean@example.org,120,Girl Radio,1,Have,4,304.51,1218.04,2688.68
634,2024-06-05,27,Beverly Torres,valenzuelajean@example.org,272,Detail Occur,16,The,4,194.42,777.68,2688.68
634,2024-06-05,27,Beverly Torres,valenzuelajean@example.org,54,School Ball,8,Nor,2,192.76,385.52,2688.68
635,2024-12-10,20,Michael Williams,kimberlypatterson@example.com,102,New Recognize,12,Who,2,291.98,583.96,4471.34
635,2024-12-10,20,Michael Williams,kimberlypatterson@example.com,119,South Act,15,Hour,1,384.12,384.12,4471.34
635,2024-12-10,20,Michael Williams,kimberlypatterson@example.com,104,Really Rich,7,Phone,3,449.39,1348.17,4471.34
635,2024-12-10,20,Michael Williams,kimberlypatterson@example.com,6,Plan Discussion,7,Phone,4,434.61,1738.44,4471.34
635,2024-12-10,20,Michael Williams,kimberlypatterson@example.com,36,Camera Prove,11,Young,1,416.65,416.65,4471.34
636,2025-07-26,54,Brett Hayes,venglish@example.com,227,West Star,11,Young,1,456.4,456.4,2582.68
636,2025-07-26,54,Brett Hayes,venglish@example.com,262,Appear Spend,8,Nor,2,491.42,982.84,2582.68
636,2025-07-26,54,Brett Hayes,venglish@example.com,231,Travel Strong,5,Peace,2,84.5,169.0,2582.68
636,2025-07-26,54,Brett Hayes,venglish@example.com,154,Talk Word,2,Deal,2,228.28,456.56,2582.68
636,2025-07-26,54,Brett Hayes,venglish@example.com,124,Six Series,5,Peace,4,129.47,517.88,2582.68
637,2025-04-23,185,Eric Woods,janet14@example.com,145,In Benefit,7,Phone,4,355.78,1423.12,3670.6
637,2025-04-23,185,Eric Woods,janet14@example.com,117,Generation Dinner,17,Support,1,52.76,52.76,3670.6
637,2025-04-23,185,Eric Woods,janet14@example.com,143,Too Teach,19,Different,1,250.12,250.12,3670.6
637,2025-04-23,185,Eric Woods,janet14@example.com,229,Nothing Develop,4,Choice,4,478.71,1914.84,3670.6
637,2025-04-23,185,Eric Woods,janet14@example.com,86,Up Form,15,Hour,4,7.44,29.76,3670.6
638,2025-04-02,17,David Clark,bhouse@example.com,108,Themselves Last,10,President,2,10.17,20.34,1547.2
638,2025-04-02,17,David Clark,bhouse@example.com,197,Go Woman,7,Phone,1,292.22,292.22,1547.2
638,2025-04-02,17,David Clark,bhouse@example.com,207,Skin Fly,17,Support,2,341.2,682.4,1547.2
638,2025-04-02,17,David Clark,bhouse@example.com,258,Daughter Return,11,Young,2,276.12,552.24,1547.2
639,2024-06-02,99,Johnny Hernandez,bartonchristian@example.net,135,Establish Heavy,16,The,4,342.38,1369.52,2726.56
639,2024-06-02,99,Johnny Hernandez,bartonchristian@example.net,155,Interest Congress,6,Several,4,146.02,584.08,2726.56
639,2024-06-02,99,Johnny Hernandez,bartonchristian@example.net,173,Water Option,20,Mind,2,96.07,192.14,2726.56
639,2024-06-02,99,Johnny Hernandez,bartonchristian@example.net,17,Family Interest,11,Young,2,290.41,580.82,2726.56
640,2024-12-22,140,Mark Martinez,juliemyers@example.net,126,Audience Rock,8,Nor,2,114.78,229.56,480.56
640,2024-12-22,140,Mark Martinez,juliemyers@example.net,158,Economy Really,16,The,1,54.69,54.69,480.56
640,2024-12-22,140,Mark Martinez,juliemyers@example.net,111,Compare Media,15,Hour,1,133.57,133.57,480.56
640,2024-12-22,140,Mark Martinez,juliemyers@example.net,48,Drug Scientist,16,The,2,31.37,62.74,480.56
641,2025-04-17,191,Zachary Johnson,dawnharris@example.net,104,Really Rich,7,Phone,4,449.39,1797.56,3506.07
641,2025-04-17,191,Zachary Johnson,dawnharris@example.net,285,Increase Behind,11,Young,1,71.22,71.22,3506.07
641,2025-04-17,191,Zachary Johnson,dawnharris@example.net,81,Religious None,18,Strong,2,317.02,634.04,3506.07
641,2025-04-17,191,Zachary Johnson,dawnharris@example.net,36,Camera Prove,11,Young,1,416.65,416.65,3506.07
641,2025-04-17,191,Zachary Johnson,dawnharris@example.net,277,Oil Stay,10,President,4,146.65,586.6,3506.07
642,2024-08-03,143,Darren Leon,matthew89@example.com,205,Month Interesting,9,Wind,1,47.63,47.63,1874.95
642,2024-08-03,143,Darren Leon,matthew89@example.com,72,Agree That,19,Different,4,456.83,1827.32,1874.95
643,2025-01-21,66,Andrea Carr,nataliecraig@example.org,249,Fill Show,6,Several,3,378.8,1136.4,1511.03
643,2025-01-21,66,Andrea Carr,nataliecraig@example.org,236,Play One,1,Have,1,374.63,374.63,1511.03
644,2025-08-29,38,Andrew Martin,ericwilson@example.com,275,Former Different,9,Wind,3,79.09,237.27,1708.51
644,2025-08-29,38,Andrew Martin,ericwilson@example.com,147,Direction Big,10,President,4,367.81,1471.24,1708.51
645,2024-10-04,155,Michael Baxter,davidsilva@example.com,10,Player Long,10,President,2,404.49,808.98,808.98
646,2024-10-14,127,Robert Smith,scottwhite@example.org,298,Today Unit,14,Break,3,296.11,888.33,1383.61
646,2024-10-14,127,Robert Smith,scottwhite@example.org,232,Feel End,6,Several,1,495.28,495.28,1383.61
647,2025-10-07,171,Linda Rosales,harrischeryl@example.com,124,Six Series,5,Peace,2,129.47,258.94,303.82
647,2025-10-07,171,Linda Rosales,harrischeryl@example.com,31,Effect Character,7,Phone,2,22.44,44.88,303.82
648,2025-07-22,173,Cynthia Berger,hvasquez@example.org,67,Actually Difficult,19,Different,2,100.71,201.42,4080.44
648,2025-07-22,173,Cynthia Berger,hvasquez@example.org,100,Mission Many,13,Past,3,345.4,1036.1999999999998,4080.44
648,2025-07-22,173,Cynthia Berger,hvasquez@example.org,192,Art Understand,15,Hour,4,115.13,460.52,4080.44
648,2025-07-22,173,Cynthia Berger,hvasquez@example.org,215,Hold Ago,1,Have,3,319.62,958.86,4080.44
648,2025-07-22,173,Cynthia Berger,hvasquez@example.org,284,Money Employee,4,Choice,4,355.86,1423.44,4080.44
649,2024-06-14,109,Rodney Anderson,garciarussell@example.net,164,History Involve,2,Deal,2,338.36,676.72,2862.23
649,2024-06-14,109,Rodney Anderson,garciarussell@example.net,168,Ever Three,7,Phone,2,108.82,217.64,2862.23
649,2024-06-14,109,Rodney Anderson,garciarussell@example.net,189,Material Class,4,Choice,1,419.75,419.75,2862.23
649,2024-06-14,109,Rodney Anderson,garciarussell@example.net,299,Feel Meeting,12,Who,2,140.12,280.24,2862.23
649,2024-06-14,109,Rodney Anderson,garciarussell@example.net,251,Next Us,11,Young,4,316.97,1267.88,2862.23
650,2025-09-23,182,Raymond Taylor,williemorris@example.com,240,Over Bank,12,Who,4,239.35,957.4,957.4
651,2024-05-29,89,Brett Mitchell,aramirez@example.com,16,Hold Past,5,Peace,2,305.67,611.34,611.34
652,2024-08-31,177,Paul Wallace,christophermunoz@example.net,286,During Challenge,18,Strong,4,241.31,965.24,3885.76
652,2024-08-31,177,Paul Wallace,christophermunoz@example.net,65,Benefit Real,4,Choice,4,488.07,1952.28,3885.76
652,2024-08-31,177,Paul Wallace,christophermunoz@example.net,134,Simple Thing,3,One,3,225.34,676.02,3885.76
652,2024-08-31,177,Paul Wallace,christophermunoz@example.net,197,Go Woman,7,Phone,1,292.22,292.22,3885.76
653,2024-02-08,173,Cynthia Berger,hvasquez@example.org,296,Memory Find,2,Deal,3,184.05,552.1500000000001,2705.35
653,2024-02-08,173,Cynthia Berger,hvasquez@example.org,258,Daughter Return,11,Young,2,276.12,552.24,2705.35
653,2024-02-08,173,Cynthia Berger,hvasquez@example.org,113,Song Describe,3,One,2,282.53,565.06,2705.35
653,2024-02-08,173,Cynthia Berger,hvasquez@example.org,141,Since Lot,1,Have,3,345.3,1035.9,2705.35
654,2024-12-21,149,Joan Dickerson,rebeccabarton@example.org,95,Song Color,11,Young,1,320.9,320.9,3082.36
654,2024-12-21,149,Joan Dickerson,rebeccabarton@example.org,116,Real Successful,4,Choice,2,32.13,64.26,3082.36
654,2024-12-21,149,Joan Dickerson,rebeccabarton@example.org,261,Century Herself,7,Phone,4,432.34,1729.36,3082.36
654,2024-12-21,149,Joan Dickerson,rebeccabarton@example.org,237,Wait Five,1,Have,3,288.17,864.51,3082.36
654,2024-12-21,149,Joan Dickerson,rebeccabarton@example.org,185,Congress Party,7,Phone,1,103.33,103.33,3082.36
655,2025-08-18,154,Elizabeth Griffin,juliajackson@example.com,203,Establish Yourself,6,Several,2,388.63,777.26,1282.5
655,2025-08-18,154,Elizabeth Griffin,juliajackson@example.com,192,Art Understand,15,Hour,2,115.13,230.26,1282.5
655,2025-08-18,154,Elizabeth Griffin,juliajackson@example.com,64,Bank Area,18,Strong,1,274.98,274.98,1282.5
656,2024-07-16,122,Susan Nelson,castillodawn@example.com,274,Stay Go,20,Mind,3,398.72,1196.16,1220.28
656,2024-07-16,122,Susan Nelson,castillodawn@example.com,252,Travel Avoid,12,Who,1,24.12,24.12,1220.28
657,2024-03-10,19,Harry Bruce,phall@example.com,186,Sort Animal,8,Nor,4,290.59,1162.36,1530.17
657,2024-03-10,19,Harry Bruce,phall@example.com,147,Direction Big,10,President,1,367.81,367.81,1530.17
658,2024-03-14,141,Nathaniel Pierce,kinggeorge@example.com,163,Indicate Ball,16,The,3,492.37,1477.1100000000001,2780.94
658,2024-03-14,141,Nathaniel Pierce,kinggeorge@example.com,6,Plan Discussion,7,Phone,3,434.61,1303.83,2780.94
659,2025-03-01,120,Mr. Tyler Norton,lloydmonica@example.com,256,Tell Behavior,14,Break,1,197.05,197.05,541.33
659,2025-03-01,120,Mr. Tyler Norton,lloydmonica@example.com,49,Really However,17,Support,1,344.28,344.28,541.33
660,2024-08-04,144,Marilyn Walker,lisanoble@example.com,21,Work Soldier,15,Hour,2,472.79,945.58,3110.93
660,2024-08-04,144,Marilyn Walker,lisanoble@example.com,169,Wrong Stop,7,Phone,3,442.09,1326.27,3110.93
660,2024-08-04,144,Marilyn Walker,lisanoble@example.com,139,Law Near,18,Strong,1,487.38,487.38,3110.93
660,2024-08-04,144,Marilyn Walker,lisanoble@example.com,263,Onto Require,5,Peace,2,175.85,351.7,3110.93
661,2025-10-29,63,Sara Davis,gharris@example.org,211,Almost Thousand,11,Young,2,231.19,462.38,1788.76
661,2025-10-29,63,Sara Davis,gharris@example.org,2,May Mouth,15,Hour,1,446.5,446.5,1788.76
661,2025-10-29,63,Sara Davis,gharris@example.org,255,Rate Car,20,Mind,2,292.68,585.36,1788.76
661,2025-10-29,63,Sara Davis,gharris@example.org,35,Join Woman,4,Choice,4,29.96,119.84,1788.76
661,2025-10-29,63,Sara Davis,gharris@example.org,177,Former Truth,4,Choice,4,43.67,174.68,1788.76
662,2024-12-06,53,Frank Montgomery,kevinreed@example.com,116,Real Successful,4,Choice,1,32.13,32.13,3450.11
662,2024-12-06,53,Frank Montgomery,kevinreed@example.com,95,Song Color,11,Young,3,320.9,962.6999999999999,3450.11
662,2024-12-06,53,Frank Montgomery,kevinreed@example.com,103,Hospital Be,1,Have,1,22.44,22.44,3450.11
662,2024-12-06,53,Frank Montgomery,kevinreed@example.com,32,Teacher Commercial,6,Several,4,316.23,1264.92,3450.11
662,2024-12-06,53,Frank Montgomery,kevinreed@example.com,102,New Recognize,12,Who,4,291.98,1167.92,3450.11
663,2025-05-16,63,Sara Davis,gharris@example.org,277,Oil Stay,10,President,3,146.65,439.95000000000005,439.95
664,2025-10-08,76,Hailey Allen,lee45@example.net,7,Because Night,2,Deal,4,7.29,29.16,511.44
664,2025-10-08,76,Hailey Allen,lee45@example.net,299,Feel Meeting,12,Who,2,140.12,280.24,511.44
664,2025-10-08,76,Hailey Allen,lee45@example.net,213,Sort Half,18,Strong,4,50.51,202.04,511.44
665,2024-10-05,129,Kathy Ellison,james50@example.org,220,Happen Per,8,Nor,4,250.71,1002.84,2060.8
665,2024-10-05,129,Kathy Ellison,james50@example.org,100,Mission Many,13,Past,2,345.4,690.8,2060.8
665,2024-10-05,129,Kathy Ellison,james50@example.org,87,Health Modern,8,Nor,2,183.58,367.16,2060.8
666,2025-04-30,110,Holly Mathis,andersonaustin@example.org,272,Detail Occur,16,The,3,194.42,583.26,1208.44
666,2025-04-30,110,Holly Mathis,andersonaustin@example.org,23,Occur Still,15,Hour,2,312.59,625.18,1208.44
667,2025-06-21,83,Alexis Everett,grichards@example.com,288,Several Bill,18,Strong,2,342.54,685.08,2260.74
667,2025-06-21,83,Alexis Everett,grichards@example.com,101,Guess Expert,11,Young,1,141.6,141.6,2260.74
667,2025-06-21,83,Alexis Everett,grichards@example.com,26,Guy Itself,12,Who,1,441.62,441.62,2260.74
667,2025-06-21,83,Alexis Everett,grichards@example.com,14,Thank Question,5,Peace,2,81.0,162.0,2260.74
667,2025-06-21,83,Alexis Everett,grichards@example.com,206,Seat Town,10,President,2,415.22,830.44,2260.74
668,2025-07-28,44,Hailey Simpson MD,bgriffin@example.com,191,Trial Too,18,Strong,4,66.79,267.16,1242.84
668,2025-07-28,44,Hailey Simpson MD,bgriffin@example.com,151,Maybe Community,3,One,2,40.03,80.06,1242.84
668,2025-07-28,44,Hailey Simpson MD,bgriffin@example.com,281,President Scientist,13,Past,1,258.78,258.78,1242.84
668,2025-07-28,44,Hailey Simpson MD,bgriffin@example.com,46,Like Professor,9,Wind,4,159.21,636.84,1242.84
669,2024-11-25,191,Zachary Johnson,dawnharris@example.net,292,Turn Consumer,1,Have,1,184.28,184.28,2954.24
669,2024-11-25,191,Zachary Johnson,dawnharris@example.net,279,Property Note,7,Phone,4,401.9,1607.6,2954.24
669,2024-11-25,191,Zachary Johnson,dawnharris@example.net,186,Sort Animal,8,Nor,4,290.59,1162.36,2954.24
670,2024-11-27,94,Susan Bush,parkeranne@example.net,215,Hold Ago,1,Have,4,319.62,1278.48,4285.28
670,2024-11-27,94,Susan Bush,parkeranne@example.net,196,Community Bill,9,Wind,3,469.6,1408.8000000000002,4285.28
670,2024-11-27,94,Susan Bush,parkeranne@example.net,289,Fight Assume,10,President,2,337.78,675.56,4285.28
670,2024-11-27,94,Susan Bush,parkeranne@example.net,231,Travel Strong,5,Peace,4,84.5,338.0,4285.28
670,2024-11-27,94,Susan Bush,parkeranne@example.net,197,Go Woman,7,Phone,2,292.22,584.44,4285.28
671,2025-04-19,71,Robin White,johnsonelizabeth@example.com,155,Interest Congress,6,Several,1,146.02,146.02,918.02
671,2025-04-19,71,Robin White,johnsonelizabeth@example.com,33,Local Population,10,President,2,386.0,772.0,918.02
672,2025-08-18,118,Matthew Rodriguez,ksanchez@example.com,71,Party Example,10,President,3,84.14,252.42000000000002,3296.8
672,2025-08-18,118,Matthew Rodriguez,ksanchez@example.com,147,Direction Big,10,President,1,367.81,367.81,3296.8
672,2025-08-18,118,Matthew Rodriguez,ksanchez@example.com,176,Federal Pattern,10,President,2,355.92,711.84,3296.8
672,2025-08-18,118,Matthew Rodriguez,ksanchez@example.com,27,North Man,4,Choice,1,285.09,285.09,3296.8
672,2025-08-18,118,Matthew Rodriguez,ksanchez@example.com,93,Help Exist,12,Who,4,419.91,1679.64,3296.8
673,2024-03-07,66,Andrea Carr,nataliecraig@example.org,88,Edge Drug,15,Hour,1,220.79,220.79,492.59
673,2024-03-07,66,Andrea Carr,nataliecraig@example.org,267,These Include,7,Phone,3,80.88,242.64,492.59
673,2024-03-07,66,Andrea Carr,nataliecraig@example.org,7,Because Night,2,Deal,4,7.29,29.16,492.59
674,2024-08-02,176,Perry Thompson,amanda32@example.com,107,Bar Also,6,Several,2,345.6,691.2,691.2
675,2024-03-21,34,Brent Kemp,christophergill@example.com,237,Wait Five,1,Have,3,288.17,864.51,2933.42
675,2024-03-21,34,Brent Kemp,christophergill@example.com,61,Actually List,6,Several,2,272.62,545.24,2933.42
675,2024-03-21,34,Brent Kemp,christophergill@example.com,103,Hospital Be,1,Have,4,22.44,89.76,2933.42
675,2024-03-21,34,Brent Kemp,christophergill@example.com,91,Space Author,11,Young,3,477.97,1433.91,2933.42
676,2025-01-20,9,Emily Hernandez,alanhall@example.com,144,Teacher Peace,17,Support,4,16.99,67.96,2258.02
676,2025-01-20,9,Emily Hernandez,alanhall@example.com,97,Bag Call,2,Deal,4,477.23,1908.92,2258.02
676,2025-01-20,9,Emily Hernandez,alanhall@example.com,272,Detail Occur,16,The,1,194.42,194.42,2258.02
676,2025-01-20,9,Emily Hernandez,alanhall@example.com,115,Prove Make,10,President,2,43.36,86.72,2258.02
677,2025-01-12,191,Zachary Johnson,dawnharris@example.net,79,Unit Could,10,President,2,181.67,363.34,2104.74
677,2025-01-12,191,Zachary Johnson,dawnharris@example.net,170,Miss Different,14,Break,2,233.22,466.44,2104.74
677,2025-01-12,191,Zachary Johnson,dawnharris@example.net,139,Law Near,18,Strong,1,487.38,487.38,2104.74
677,2025-01-12,191,Zachary Johnson,dawnharris@example.net,217,Receive Them,14,Break,2,267.58,535.16,2104.74
677,2025-01-12,191,Zachary Johnson,dawnharris@example.net,71,Party Example,10,President,3,84.14,252.42000000000002,2104.74
678,2024-11-13,96,Robert White,rebeccapatel@example.com,121,Four Eye,20,Mind,1,343.22,343.22,769.04
678,2024-11-13,96,Robert White,rebeccapatel@example.com,172,Join Listen,5,Peace,2,212.91,425.82,769.04
679,2025-04-26,148,Randy Taylor,whitedavid@example.org,177,Former Truth,4,Choice,2,43.67,87.34,87.34
680,2024-11-22,124,David Johnson,robertwebb@example.net,263,Onto Require,5,Peace,1,175.85,175.85,2147.52
680,2024-11-22,124,David Johnson,robertwebb@example.net,79,Unit Could,10,President,3,181.67,545.01,2147.52
680,2024-11-22,124,David Johnson,robertwebb@example.net,128,New Low,3,One,4,231.31,925.24,2147.52
680,2024-11-22,124,David Johnson,robertwebb@example.net,220,Happen Per,8,Nor,2,250.71,501.42,2147.52
681,2024-01-19,26,Timothy Wyatt,tammy31@example.net,120,Girl Radio,1,Have,3,304.51,913.53,1021.39
681,2024-01-19,26,Timothy Wyatt,tammy31@example.net,28,Food Voice,5,Peace,2,28.77,57.54,1021.39
681,2024-01-19,26,Timothy Wyatt,tammy31@example.net,160,See Item,18,Strong,2,25.16,50.32,1021.39
682,2024-06-19,56,Shawn Wilson,brandonsanchez@example.com,206,Seat Town,10,President,3,415.22,1245.66,1437.33
682,2024-06-19,56,Shawn Wilson,brandonsanchez@example.com,282,Other Be,8,Nor,1,191.67,191.67,1437.33
683,2024-10-17,51,Edwin Lindsey,nicole50@example.com,233,Real It,9,Wind,1,188.06,188.06,1155.24
683,2024-10-17,51,Edwin Lindsey,nicole50@example.com,143,Too Teach,19,Different,2,250.12,500.24,1155.24
683,2024-10-17,51,Edwin Lindsey,nicole50@example.com,114,Focus Early,15,Hour,2,152.59,305.18,1155.24
683,2024-10-17,51,Edwin Lindsey,nicole50@example.com,267,These Include,7,Phone,2,80.88,161.76,1155.24
684,2023-12-30,84,Brandy Bishop,cruzterri@example.net,138,Probably Officer,1,Have,1,264.31,264.31,264.31
685,2025-07-29,67,Jeffrey Anderson,henrymelissa@example.com,105,One Itself,4,Choice,2,306.35,612.7,612.7
686,2023-12-09,45,Debra Schroeder,laurieclark@example.com,245,As Figure,9,Wind,4,353.67,1414.68,1719.86
686,2023-12-09,45,Debra Schroeder,laurieclark@example.com,114,Focus Early,15,Hour,2,152.59,305.18,1719.86
687,2024-02-27,130,Kristie Mcmillan,kristina16@example.org,282,Other Be,8,Nor,1,191.67,191.67,1424.63
687,2024-02-27,130,Kristie Mcmillan,kristina16@example.org,27,North Man,4,Choice,1,285.09,285.09,1424.63
687,2024-02-27,130,Kristie Mcmillan,kristina16@example.org,26,Guy Itself,12,Who,2,441.62,883.24,1424.63
687,2024-02-27,130,Kristie Mcmillan,kristina16@example.org,216,Oil Change,6,Several,2,17.93,35.86,1424.63
687,2024-02-27,130,Kristie Mcmillan,kristina16@example.org,28,Food Voice,5,Peace,1,28.77,28.77,1424.63
688,2024-03-26,121,Crystal Escobar,qwalker@example.net,153,Identify Answer,19,Different,4,476.91,1907.64,1907.64
689,2025-04-29,172,Sarah Ho,ichase@example.org,114,Focus Early,15,Hour,1,152.59,152.59,1723.62
689,2025-04-29,172,Sarah Ho,ichase@example.org,208,Water Government,19,Different,3,328.57,985.71,1723.62
689,2025-04-29,172,Sarah Ho,ichase@example.org,194,Guy Director,8,Nor,2,215.51,431.02,1723.62
689,2025-04-29,172,Sarah Ho,ichase@example.org,222,Stand Which,11,Young,1,154.3,154.3,1723.62
690,2024-01-22,155,Michael Baxter,davidsilva@example.com,146,Democratic Want,1,Have,1,22.64,22.64,1365.32
690,2024-01-22,155,Michael Baxter,davidsilva@example.com,41,Traditional Image,1,Have,2,254.19,508.38,1365.32
690,2024-01-22,155,Michael Baxter,davidsilva@example.com,159,West Wind,4,Choice,3,278.1,834.3000000000001,1365.32
691,2025-02-05,113,Lori Hanson,lisadouglas@example.org,171,Foot Arm,9,Wind,2,329.11,658.22,658.22
692,2025-07-06,193,Anthony Bean,mgilmore@example.org,46,Like Professor,9,Wind,3,159.21,477.63,2678.39
692,2025-07-06,193,Anthony Bean,mgilmore@example.org,102,New Recognize,12,Who,4,291.98,1167.92,2678.39
692,2025-07-06,193,Anthony Bean,mgilmore@example.org,49,Really However,17,Support,3,344.28,1032.84,2678.39
693,2025-10-14,39,Taylor Ramirez,amy11@example.com,182,Anyone Rich,16,The,4,327.71,1310.84,1333.28
693,2025-10-14,39,Taylor Ramirez,amy11@example.com,31,Effect Character,7,Phone,1,22.44,22.44,1333.28
694,2024-06-11,149,Joan Dickerson,rebeccabarton@example.org,225,Onto Imagine,15,Hour,3,490.77,1472.31,4396.05
694,2024-06-11,149,Joan Dickerson,rebeccabarton@example.org,250,Your Physical,7,Phone,1,409.73,409.73,4396.05
694,2024-06-11,149,Joan Dickerson,rebeccabarton@example.org,15,Fact Few,8,Nor,4,329.57,1318.28,4396.05
694,2024-06-11,149,Joan Dickerson,rebeccabarton@example.org,177,Former Truth,4,Choice,4,43.67,174.68,4396.05
694,2024-06-11,149,Joan Dickerson,rebeccabarton@example.org,201,Life Bill,4,Choice,3,340.35,1021.0500000000001,4396.05
695,2025-04-05,138,Jessica Miller,sheilabrown@example.com,260,Important Forward,15,Hour,1,282.09,282.09,1570.96
695,2025-04-05,138,Jessica Miller,sheilabrown@example.com,187,Morning Notice,10,President,1,456.83,456.83,1570.96
695,2025-04-05,138,Jessica Miller,sheilabrown@example.com,37,Indicate Value,13,Past,1,296.88,296.88,1570.96
695,2025-04-05,138,Jessica Miller,sheilabrown@example.com,217,Receive Them,14,Break,2,267.58,535.16,1570.96
696,2024-12-22,99,Johnny Hernandez,bartonchristian@example.net,267,These Include,7,Phone,4,80.88,323.52,323.52
697,2023-11-14,104,Stephen Kelley,vgallagher@example.net,111,Compare Media,15,Hour,2,133.57,267.14,267.14
698,2025-01-05,52,Emily Mays,angelazimmerman@example.com,216,Oil Change,6,Several,1,17.93,17.93,512.94
698,2025-01-05,52,Emily Mays,angelazimmerman@example.com,43,Bad Cultural,20,Mind,1,495.01,495.01,512.94
699,2025-01-26,146,Jerry Moore,megansmith@example.org,86,Up Form,15,Hour,2,7.44,14.88,677.97
699,2025-01-26,146,Jerry Moore,megansmith@example.org,67,Actually Difficult,19,Different,1,100.71,100.71,677.97
699,2025-01-26,146,Jerry Moore,megansmith@example.org,149,Around Away,14,Break,1,344.17,344.17,677.97
699,2025-01-26,146,Jerry Moore,megansmith@example.org,283,Two Bar,1,Have,1,218.21,218.21,677.97
700,2025-01-14,9,Emily Hernandez,alanhall@example.com,145,In Benefit,7,Phone,1,355.78,355.78,1017.34
700,2025-01-14,9,Emily Hernandez,alanhall@example.com,47,Recently Anyone,9,Wind,2,142.72,285.44,1017.34
700,2025-01-14,9,Emily Hernandez,alanhall@example.com,233,Real It,9,Wind,2,188.06,376.12,1017.34
701,2025-09-20,33,Brandon Hamilton,tracyadams@example.net,212,Energy Usually,12,Who,2,164.83,329.66,1688.45
701,2025-09-20,33,Brandon Hamilton,tracyadams@example.net,137,Arm Base,6,Several,2,232.08,464.16,1688.45
701,2025-09-20,33,Brandon Hamilton,tracyadams@example.net,166,Suggest Would,13,Past,3,298.21,894.6299999999999,1688.45
702,2023-12-22,75,Dana Dyer,walkerbruce@example.net,283,Two Bar,1,Have,3,218.21,654.63,1722.21
702,2023-12-22,75,Dana Dyer,walkerbruce@example.net,284,Money Employee,4,Choice,3,355.86,1067.58,1722.21
703,2024-10-07,177,Paul Wallace,christophermunoz@example.net,118,To Debate,8,Nor,3,105.26,315.78000000000003,3286.34
703,2024-10-07,177,Paul Wallace,christophermunoz@example.net,1,Focus Issue,7,Phone,4,350.69,1402.76,3286.34
703,2024-10-07,177,Paul Wallace,christophermunoz@example.net,265,Nice Phone,6,Several,4,188.4,753.6,3286.34
703,2024-10-07,177,Paul Wallace,christophermunoz@example.net,110,Move Network,17,Support,4,203.55,814.2,3286.34
704,2025-10-19,55,Heidi Smith,ugilmore@example.com,152,My Security,12,Who,2,401.68,803.36,1259.21
704,2025-10-19,55,Heidi Smith,ugilmore@example.com,67,Actually Difficult,19,Different,3,100.71,302.13,1259.21
704,2025-10-19,55,Heidi Smith,ugilmore@example.com,167,Central Music,17,Support,2,76.86,153.72,1259.21
705,2023-12-15,12,Kenneth Holland,george62@example.org,7,Because Night,2,Deal,1,7.29,7.29,7.29
706,2024-02-15,123,Ryan Johnson,alexandra88@example.org,50,Scientist Show,13,Past,4,310.72,1242.88,6287.57
706,2024-02-15,123,Ryan Johnson,alexandra88@example.org,98,Born Near,7,Phone,4,367.23,1468.92,6287.57
706,2024-02-15,123,Ryan Johnson,alexandra88@example.org,148,Hot South,3,One,2,295.93,591.86,6287.57
706,2024-02-15,123,Ryan Johnson,alexandra88@example.org,200,Available Both,14,Break,3,385.53,1156.59,6287.57
706,2024-02-15,123,Ryan Johnson,alexandra88@example.org,187,Morning Notice,10,President,4,456.83,1827.32,6287.57
707,2024-10-29,19,Harry Bruce,phall@example.com,217,Receive Them,14,Break,3,267.58,802.74,4178.35
707,2024-10-29,19,Harry Bruce,phall@example.com,70,Student Democrat,20,Mind,3,449.78,1349.34,4178.35
707,2024-10-29,19,Harry Bruce,phall@example.com,183,Design Our,7,Phone,4,484.99,1939.96,4178.35
707,2024-10-29,19,Harry Bruce,phall@example.com,28,Food Voice,5,Peace,3,28.77,86.31,4178.35
708,2025-03-13,6,Richard Moss,ushannon@example.net,295,Yard Conference,6,Several,2,328.64,657.28,3792.91
708,2025-03-13,6,Richard Moss,ushannon@example.net,98,Born Near,7,Phone,1,367.23,367.23,3792.91
708,2025-03-13,6,Richard Moss,ushannon@example.net,132,Wind Glass,18,Strong,4,450.02,1800.08,3792.91
708,2025-03-13,6,Richard Moss,ushannon@example.net,96,See Want,4,Choice,2,484.16,968.32,3792.91
709,2024-08-03,120,Mr. Tyler Norton,lloydmonica@example.com,51,Attention Local,7,Phone,1,27.74,27.74,2864.25
709,2024-08-03,120,Mr. Tyler Norton,lloydmonica@example.com,241,Chance Garden,8,Nor,4,413.64,1654.56,2864.25
709,2024-08-03,120,Mr. Tyler Norton,lloydmonica@example.com,84,Change Offer,2,Deal,3,353.79,1061.3700000000001,2864.25
709,2024-08-03,120,Mr. Tyler Norton,lloydmonica@example.com,80,Provide Fight,8,Nor,1,120.58,120.58,2864.25
710,2023-12-10,45,Debra Schroeder,laurieclark@example.com,213,Sort Half,18,Strong,2,50.51,101.02,101.02
711,2025-09-30,135,Jon Freeman,jim08@example.net,172,Join Listen,5,Peace,3,212.91,638.73,2636.21
711,2025-09-30,135,Jon Freeman,jim08@example.net,258,Daughter Return,11,Young,4,276.12,1104.48,2636.21
711,2025-09-30,135,Jon Freeman,jim08@example.net,2,May Mouth,15,Hour,2,446.5,893.0,2636.21
712,2024-07-18,120,Mr. Tyler Norton,lloydmonica@example.com,235,Ago Tend,7,Phone,2,497.94,995.88,995.88
713,2025-01-31,192,Melissa Obrien,sherry24@example.net,87,Health Modern,8,Nor,1,183.58,183.58,507.45
713,2025-01-31,192,Melissa Obrien,sherry24@example.net,172,Join Listen,5,Peace,1,212.91,212.91,507.45
713,2025-01-31,192,Melissa Obrien,sherry24@example.net,51,Attention Local,7,Phone,4,27.74,110.96,507.45
714,2024-11-04,167,Monica Jones,tgraham@example.net,18,Food Responsibility,2,Deal,1,112.07,112.07,1305.62
714,2024-11-04,167,Monica Jones,tgraham@example.net,55,Result Bad,9,Wind,3,397.85,1193.5500000000002,1305.62
715,2023-12-11,19,Harry Bruce,phall@example.com,6,Plan Discussion,7,Phone,2,434.61,869.22,2546.66
715,2023-12-11,19,Harry Bruce,phall@example.com,92,Everyone Also,9,Wind,2,228.98,457.96,2546.66
715,2023-12-11,19,Harry Bruce,phall@example.com,78,Woman Worker,1,Have,2,224.22,448.44,2546.66
715,2023-12-11,19,Harry Bruce,phall@example.com,54,School Ball,8,Nor,4,192.76,771.04,2546.66
716,2025-05-12,59,Jeffrey Garcia,kristenalvarez@example.com,272,Detail Occur,16,The,4,194.42,777.68,1833.95
716,2025-05-12,59,Jeffrey Garcia,kristenalvarez@example.com,271,Worry Medical,18,Strong,3,352.09,1056.27,1833.95
717,2024-06-18,76,Hailey Allen,lee45@example.net,282,Other Be,8,Nor,4,191.67,766.68,766.68
718,2024-10-05,96,Robert White,rebeccapatel@example.com,39,Form Pull,4,Choice,1,20.84,20.84,1848.16
718,2024-10-05,96,Robert White,rebeccapatel@example.com,72,Agree That,19,Different,4,456.83,1827.32,1848.16
719,2025-11-04,113,Lori Hanson,lisadouglas@example.org,266,Second With,2,Deal,4,371.78,1487.12,1583.96
719,2025-11-04,113,Lori Hanson,lisadouglas@example.org,63,Describe Little,17,Support,4,24.21,96.84,1583.96
720,2024-09-21,171,Linda Rosales,harrischeryl@example.com,5,Both Write,5,Peace,3,140.03,420.09000000000003,802.41
720,2024-09-21,171,Linda Rosales,harrischeryl@example.com,48,Drug Scientist,16,The,3,31.37,94.11,802.41
720,2024-09-21,171,Linda Rosales,harrischeryl@example.com,173,Water Option,20,Mind,3,96.07,288.21,802.41
721,2024-10-20,75,Dana Dyer,walkerbruce@example.net,226,Fast Still,13,Past,2,437.72,875.44,4124.47
721,2024-10-20,75,Dana Dyer,walkerbruce@example.net,202,Professor Effort,4,Choice,4,14.35,57.4,4124.47
721,2024-10-20,75,Dana Dyer,walkerbruce@example.net,109,Vote Mother,7,Phone,3,419.53,1258.59,4124.47
721,2024-10-20,75,Dana Dyer,walkerbruce@example.net,112,Professional Defense,16,The,4,483.26,1933.04,4124.47
722,2024-09-02,151,Megan Simpson,devon28@example.net,14,Thank Question,5,Peace,1,81.0,81.0,4082.22
722,2024-09-02,151,Megan Simpson,devon28@example.net,179,Past Parent,11,Young,4,463.55,1854.2,4082.22
722,2024-09-02,151,Megan Simpson,devon28@example.net,113,Song Describe,3,One,2,282.53,565.06,4082.22
722,2024-09-02,151,Megan Simpson,devon28@example.net,236,Play One,1,Have,4,374.63,1498.52,4082.22
722,2024-09-02,151,Megan Simpson,devon28@example.net,34,Cultural White,11,Young,4,20.86,83.44,4082.22
723,2025-03-20,65,Dylan Walker,edward17@example.com,57,Leg Difficult,15,Hour,1,407.43,407.43,4613.94
723,2025-03-20,65,Dylan Walker,edward17@example.com,52,Call Affect,18,Strong,3,497.65,1492.9499999999998,4613.94
723,2025-03-20,65,Dylan Walker,edward17@example.com,147,Direction Big,10,President,4,367.81,1471.24,4613.94
723,2025-03-20,65,Dylan Walker,edward17@example.com,289,Fight Assume,10,President,3,337.78,1013.3399999999999,4613.94
723,2025-03-20,65,Dylan Walker,edward17@example.com,92,Everyone Also,9,Wind,1,228.98,228.98,4613.94
724,2024-11-21,41,Christopher Garcia,keithturner@example.com,269,Personal Hotel,13,Past,4,263.01,1052.04,1052.04
725,2024-02-13,169,Stephanie Bonilla PhD,sgray@example.org,209,Day Picture,18,Strong,1,209.9,209.9,209.9
726,2025-04-21,79,Frank Castillo,smarshall@example.com,264,Woman Mission,20,Mind,3,177.38,532.14,1532.62
726,2025-04-21,79,Frank Castillo,smarshall@example.com,143,Too Teach,19,Different,4,250.12,1000.48,1532.62
727,2025-09-24,46,Alexander Dickerson,mariagreen@example.net,277,Oil Stay,10,President,1,146.65,146.65,146.65
728,2025-03-04,97,Michele Swanson,jessica44@example.net,186,Sort Animal,8,Nor,2,290.59,581.18,581.18
729,2024-06-28,64,Austin Sullivan,meganritter@example.com,14,Thank Question,5,Peace,3,81.0,243.0,2092.92
729,2024-06-28,64,Austin Sullivan,meganritter@example.com,284,Money Employee,4,Choice,4,355.86,1423.44,2092.92
729,2024-06-28,64,Austin Sullivan,meganritter@example.com,195,Air Like,15,Hour,3,65.64,196.92000000000002,2092.92
729,2024-06-28,64,Austin Sullivan,meganritter@example.com,126,Audience Rock,8,Nor,2,114.78,229.56,2092.92
730,2024-01-05,143,Darren Leon,matthew89@example.com,265,Nice Phone,6,Several,4,188.4,753.6,849.67
730,2024-01-05,143,Darren Leon,matthew89@example.com,173,Water Option,20,Mind,1,96.07,96.07,849.67
731,2025-08-17,152,Jennifer Williams,omeadows@example.com,255,Rate Car,20,Mind,1,292.68,292.68,348.73
731,2025-08-17,152,Jennifer Williams,omeadows@example.com,59,Involve Rule,9,Wind,1,56.05,56.05,348.73
732,2025-08-26,183,Robert Roberts,tracy18@example.com,257,Keep Image,12,Who,2,108.93,217.86,217.86
733,2024-11-26,146,Jerry Moore,megansmith@example.org,225,Onto Imagine,15,Hour,1,490.77,490.77,2393.01
733,2024-11-26,146,Jerry Moore,megansmith@example.org,281,President Scientist,13,Past,2,258.78,517.56,2393.01
733,2024-11-26,146,Jerry Moore,megansmith@example.org,168,Ever Three,7,Phone,3,108.82,326.46,2393.01
733,2024-11-26,146,Jerry Moore,megansmith@example.org,289,Fight Assume,10,President,3,337.78,1013.3399999999999,2393.01
733,2024-11-26,146,Jerry Moore,megansmith@example.org,31,Effect Character,7,Phone,2,22.44,44.88,2393.01
734,2025-07-26,134,Katrina Perkins,katie43@example.net,239,Truth Move,12,Who,4,274.02,1096.08,1495.95
734,2025-07-26,134,Katrina Perkins,katie43@example.net,106,First Party,20,Mind,3,133.29,399.87,1495.95
735,2024-03-15,64,Austin Sullivan,meganritter@example.com,193,Down Up,18,Strong,3,260.78,782.3399999999999,2152.5
735,2024-03-15,64,Austin Sullivan,meganritter@example.com,288,Several Bill,18,Strong,4,342.54,1370.16,2152.5
736,2024-04-01,188,Phyllis Floyd,tsimmons@example.com,41,Traditional Image,1,Have,1,254.19,254.19,1682.58
736,2024-04-01,188,Phyllis Floyd,tsimmons@example.com,178,Prevent Home,6,Several,1,357.4,357.4,1682.58
736,2024-04-01,188,Phyllis Floyd,tsimmons@example.com,71,Party Example,10,President,3,84.14,252.42000000000002,1682.58
736,2024-04-01,188,Phyllis Floyd,tsimmons@example.com,72,Agree That,19,Different,1,456.83,456.83,1682.58
736,2024-04-01,188,Phyllis Floyd,tsimmons@example.com,80,Provide Fight,8,Nor,3,120.58,361.74,1682.58
737,2024-02-26,81,Jordan Tucker,cordovamelissa@example.org,143,Too Teach,19,Different,2,250.12,500.24,500.24
738,2024-01-08,129,Kathy Ellison,james50@example.org,182,Anyone Rich,16,The,2,327.71,655.42,2512.0
738,2024-01-08,129,Kathy Ellison,james50@example.org,236,Play One,1,Have,2,374.63,749.26,2512.0
738,2024-01-08,129,Kathy Ellison,james50@example.org,3,Cause Near,7,Phone,4,166.58,666.32,2512.0
738,2024-01-08,129,Kathy Ellison,james50@example.org,150,What Thing,17,Support,4,110.25,441.0,2512.0
739,2024-05-26,190,Patrick Palmer,joshua72@example.com,180,Level Catch,15,Hour,1,204.52,204.52,513.04
739,2024-05-26,190,Patrick Palmer,joshua72@example.com,13,Approach Politics,9,Wind,3,102.84,308.52,513.04
740,2024-09-09,18,Chelsea White,ortizderek@example.org,65,Benefit Real,4,Choice,1,488.07,488.07,2205.54
740,2024-09-09,18,Chelsea White,ortizderek@example.org,131,Of Audience,15,Hour,4,309.69,1238.76,2205.54
740,2024-09-09,18,Chelsea White,ortizderek@example.org,229,Nothing Develop,4,Choice,1,478.71,478.71,2205.54
741,2025-03-21,154,Elizabeth Griffin,juliajackson@example.com,150,What Thing,17,Support,3,110.25,330.75,1590.44
741,2025-03-21,154,Elizabeth Griffin,juliajackson@example.com,130,Performance Other,15,Hour,3,283.55,850.6500000000001,1590.44
741,2025-03-21,154,Elizabeth Griffin,juliajackson@example.com,180,Level Catch,15,Hour,2,204.52,409.04,1590.44
742,2025-11-05,48,Michelle Fleming,walterharris@example.org,139,Law Near,18,Strong,3,487.38,1462.1399999999999,2636.94
742,2025-11-05,48,Michelle Fleming,walterharris@example.org,50,Scientist Show,13,Past,3,310.72,932.1600000000001,2636.94
742,2025-11-05,48,Michelle Fleming,walterharris@example.org,267,These Include,7,Phone,3,80.88,242.64,2636.94
743,2025-06-20,45,Debra Schroeder,laurieclark@example.com,101,Guess Expert,11,Young,2,141.6,283.2,1210.3
743,2025-06-20,45,Debra Schroeder,laurieclark@example.com,179,Past Parent,11,Young,2,463.55,927.1,1210.3
744,2024-09-06,140,Mark Martinez,juliemyers@example.net,274,Stay Go,20,Mind,1,398.72,398.72,2114.77
744,2024-09-06,140,Mark Martinez,juliemyers@example.net,122,Myself Guy,14,Break,3,315.45,946.3499999999999,2114.77
744,2024-09-06,140,Mark Martinez,juliemyers@example.net,134,Simple Thing,3,One,1,225.34,225.34,2114.77
744,2024-09-06,140,Mark Martinez,juliemyers@example.net,174,Tend Music,1,Have,4,136.09,544.36,2114.77
745,2025-03-10,155,Michael Baxter,davidsilva@example.com,106,First Party,20,Mind,3,133.29,399.87,1427.49
745,2025-03-10,155,Michael Baxter,davidsilva@example.com,288,Several Bill,18,Strong,3,342.54,1027.6200000000001,1427.49
746,2024-10-30,138,Jessica Miller,sheilabrown@example.com,247,Role Per,19,Different,1,97.46,97.46,2021.69
746,2024-10-30,138,Jessica Miller,sheilabrown@example.com,77,Represent Similar,19,Different,1,163.15,163.15,2021.69
746,2024-10-30,138,Jessica Miller,sheilabrown@example.com,134,Simple Thing,3,One,4,225.34,901.36,2021.69
746,2024-10-30,138,Jessica Miller,sheilabrown@example.com,66,Space Practice,7,Phone,3,27.28,81.84,2021.69
746,2024-10-30,138,Jessica Miller,sheilabrown@example.com,123,Their Different,13,Past,4,194.47,777.88,2021.69
747,2025-10-09,53,Frank Montgomery,kevinreed@example.com,19,Ten Establish,19,Different,3,209.21,627.63,3127.13
747,2025-10-09,53,Frank Montgomery,kevinreed@example.com,62,Stage Bit,5,Peace,3,180.17,540.51,3127.13
747,2025-10-09,53,Frank Montgomery,kevinreed@example.com,238,Figure A,17,Support,1,171.77,171.77,3127.13
747,2025-10-09,53,Frank Montgomery,kevinreed@example.com,215,Hold Ago,1,Have,3,319.62,958.86,3127.13
747,2025-10-09,53,Frank Montgomery,kevinreed@example.com,258,Daughter Return,11,Young,3,276.12,828.36,3127.13
748,2025-10-06,163,Lindsay Crawford,antoniocoleman@example.com,278,Large Fill,8,Nor,1,448.51,448.51,2363.35
748,2025-10-06,163,Lindsay Crawford,antoniocoleman@example.com,229,Nothing Develop,4,Choice,4,478.71,1914.84,2363.35
749,2024-10-21,42,Regina Thomas,ncurry@example.net,173,Water Option,20,Mind,1,96.07,96.07,1310.98
749,2024-10-21,42,Regina Thomas,ncurry@example.net,296,Memory Find,2,Deal,4,184.05,736.2,1310.98
749,2024-10-21,42,Regina Thomas,ncurry@example.net,229,Nothing Develop,4,Choice,1,478.71,478.71,1310.98
750,2024-05-19,200,Alejandra Fitzgerald,ellisonhoward@example.org,294,Whether Value,1,Have,3,455.57,1366.71,3407.09
750,2024-05-19,200,Alejandra Fitzgerald,ellisonhoward@example.org,132,Wind Glass,18,Strong,2,450.02,900.04,3407.09
750,2024-05-19,200,Alejandra Fitzgerald,ellisonhoward@example.org,247,Role Per,19,Different,1,97.46,97.46,3407.09
750,2024-05-19,200,Alejandra Fitzgerald,ellisonhoward@example.org,240,Over Bank,12,Who,2,239.35,478.7,3407.09
750,2024-05-19,200,Alejandra Fitzgerald,ellisonhoward@example.org,233,Real It,9,Wind,3,188.06,564.1800000000001,3407.09
751,2024-08-28,63,Sara Davis,gharris@example.org,105,One Itself,4,Choice,3,306.35,919.0500000000001,967.6
751,2024-08-28,63,Sara Davis,gharris@example.org,76,Director Standard,14,Break,1,48.55,48.55,967.6
752,2025-08-23,164,Jodi Barker,alexandersimmons@example.com,126,Audience Rock,8,Nor,3,114.78,344.34000000000003,536.48
752,2025-08-23,164,Jodi Barker,alexandersimmons@example.com,173,Water Option,20,Mind,2,96.07,192.14,536.48
753,2025-08-06,83,Alexis Everett,grichards@example.com,107,Bar Also,6,Several,4,345.6,1382.4,2392.08
753,2025-08-06,83,Alexis Everett,grichards@example.com,66,Space Practice,7,Phone,2,27.28,54.56,2392.08
753,2025-08-06,83,Alexis Everett,grichards@example.com,286,During Challenge,18,Strong,3,241.31,723.9300000000001,2392.08
753,2025-08-06,83,Alexis Everett,grichards@example.com,211,Almost Thousand,11,Young,1,231.19,231.19,2392.08
754,2024-09-19,167,Monica Jones,tgraham@example.net,51,Attention Local,7,Phone,2,27.74,55.48,55.48
755,2024-05-18,124,David Johnson,robertwebb@example.net,295,Yard Conference,6,Several,4,328.64,1314.56,4232.48
755,2024-05-18,124,David Johnson,robertwebb@example.net,16,Hold Past,5,Peace,3,305.67,917.01,4232.48
755,2024-05-18,124,David Johnson,robertwebb@example.net,207,Skin Fly,17,Support,1,341.2,341.2,4232.48
755,2024-05-18,124,David Johnson,robertwebb@example.net,43,Bad Cultural,20,Mind,3,495.01,1485.03,4232.48
755,2024-05-18,124,David Johnson,robertwebb@example.net,177,Former Truth,4,Choice,4,43.67,174.68,4232.48
756,2024-06-29,92,James Hill,jasminewright@example.com,48,Drug Scientist,16,The,2,31.37,62.74,1013.08
756,2024-06-29,92,James Hill,jasminewright@example.com,230,Officer News,19,Different,4,158.33,633.32,1013.08
756,2024-06-29,92,James Hill,jasminewright@example.com,81,Religious None,18,Strong,1,317.02,317.02,1013.08
757,2024-10-29,181,Christopher Adkins,ycole@example.com,147,Direction Big,10,President,1,367.81,367.81,2328.57
757,2024-10-29,181,Christopher Adkins,ycole@example.com,149,Around Away,14,Break,4,344.17,1376.68,2328.57
757,2024-10-29,181,Christopher Adkins,ycole@example.com,155,Interest Congress,6,Several,4,146.02,584.08,2328.57
758,2024-01-15,138,Jessica Miller,sheilabrown@example.com,273,Condition According,16,The,2,12.43,24.86,2243.62
758,2024-01-15,138,Jessica Miller,sheilabrown@example.com,199,Level Mission,18,Strong,4,334.72,1338.88,2243.62
758,2024-01-15,138,Jessica Miller,sheilabrown@example.com,139,Law Near,18,Strong,1,487.38,487.38,2243.62
758,2024-01-15,138,Jessica Miller,sheilabrown@example.com,298,Today Unit,14,Break,1,296.11,296.11,2243.62
758,2024-01-15,138,Jessica Miller,sheilabrown@example.com,116,Real Successful,4,Choice,3,32.13,96.39000000000001,2243.62
759,2024-05-31,11,Jennifer Rodriguez,robin21@example.com,296,Memory Find,2,Deal,1,184.05,184.05,184.05
760,2024-09-22,60,Jacqueline Lopez,jacksongina@example.net,125,General Respond,4,Choice,3,259.56,778.6800000000001,812.66
760,2024-09-22,60,Jacqueline Lopez,jacksongina@example.net,144,Teacher Peace,17,Support,2,16.99,33.98,812.66
761,2025-09-09,32,Jacob Benton,jordan57@example.com,185,Congress Party,7,Phone,3,103.33,309.99,309.99
762,2024-05-16,64,Austin Sullivan,meganritter@example.com,167,Central Music,17,Support,3,76.86,230.57999999999998,230.58
763,2025-06-16,136,Teresa Baker,amoore@example.com,232,Feel End,6,Several,3,495.28,1485.84,3508.89
763,2025-06-16,136,Teresa Baker,amoore@example.com,142,Him Baby,5,Peace,3,93.26,279.78000000000003,3508.89
763,2025-06-16,136,Teresa Baker,amoore@example.com,265,Nice Phone,6,Several,2,188.4,376.8,3508.89
763,2025-06-16,136,Teresa Baker,amoore@example.com,165,Travel Mention,13,Past,3,278.11,834.33,3508.89
763,2025-06-16,136,Teresa Baker,amoore@example.com,264,Woman Mission,20,Mind,3,177.38,532.14,3508.89
764,2024-04-21,126,Patricia Pugh,craigjohnson@example.org,159,West Wind,4,Choice,4,278.1,1112.4,2659.8
764,2024-04-21,126,Patricia Pugh,craigjohnson@example.org,234,Capital Make,18,Strong,3,18.32,54.96,2659.8
764,2024-04-21,126,Patricia Pugh,craigjohnson@example.org,146,Democratic Want,1,Have,3,22.64,67.92,2659.8
764,2024-04-21,126,Patricia Pugh,craigjohnson@example.org,73,Establish Movie,12,Who,3,421.52,1264.56,2659.8
764,2024-04-21,126,Patricia Pugh,craigjohnson@example.org,156,Keep Wall,18,Strong,1,159.96,159.96,2659.8
765,2023-11-26,114,Rachel Wilson,sherriperkins@example.com,152,My Security,12,Who,2,401.68,803.36,1856.68
765,2023-11-26,114,Rachel Wilson,sherriperkins@example.com,135,Establish Heavy,16,The,2,342.38,684.76,1856.68
765,2023-11-26,114,Rachel Wilson,sherriperkins@example.com,292,Turn Consumer,1,Have,2,184.28,368.56,1856.68
766,2025-03-30,21,Jeremy Gill,craiggonzalez@example.net,19,Ten Establish,19,Different,2,209.21,418.42,418.42
767,2025-09-15,67,Jeffrey Anderson,henrymelissa@example.com,31,Effect Character,7,Phone,2,22.44,44.88,573.5
767,2025-09-15,67,Jeffrey Anderson,henrymelissa@example.com,138,Probably Officer,1,Have,2,264.31,528.62,573.5
768,2025-02-03,7,Anthony Davis,lynnmichael@example.com,264,Woman Mission,20,Mind,4,177.38,709.52,816.84
768,2025-02-03,7,Anthony Davis,lynnmichael@example.com,218,Top School,7,Phone,4,26.83,107.32,816.84
769,2025-02-12,60,Jacqueline Lopez,jacksongina@example.net,275,Former Different,9,Wind,3,79.09,237.27,1341.76
769,2025-02-12,60,Jacqueline Lopez,jacksongina@example.net,25,Employee Pay,3,One,3,254.43,763.29,1341.76
769,2025-02-12,60,Jacqueline Lopez,jacksongina@example.net,207,Skin Fly,17,Support,1,341.2,341.2,1341.76
770,2024-08-13,100,Mrs. Tracy Cook,davidweaver@example.com,286,During Challenge,18,Strong,3,241.31,723.9300000000001,3194.79
770,2024-08-13,100,Mrs. Tracy Cook,davidweaver@example.com,164,History Involve,2,Deal,4,338.36,1353.44,3194.79
770,2024-08-13,100,Mrs. Tracy Cook,davidweaver@example.com,70,Student Democrat,20,Mind,2,449.78,899.56,3194.79
770,2024-08-13,100,Mrs. Tracy Cook,davidweaver@example.com,257,Keep Image,12,Who,2,108.93,217.86,3194.79
771,2024-04-27,29,Tanya Ross,lindaallen@example.org,259,Along Feel,2,Deal,2,479.77,959.54,2984.85
771,2024-04-27,29,Tanya Ross,lindaallen@example.org,145,In Benefit,7,Phone,1,355.78,355.78,2984.85
771,2024-04-27,29,Tanya Ross,lindaallen@example.org,240,Over Bank,12,Who,3,239.35,718.05,2984.85
771,2024-04-27,29,Tanya Ross,lindaallen@example.org,224,Either Itself,19,Different,3,317.16,951.48,2984.85
772,2024-05-04,14,Dr. Stephanie Cannon,pcraig@example.org,51,Attention Local,7,Phone,4,27.74,110.96,2169.71
772,2024-05-04,14,Dr. Stephanie Cannon,pcraig@example.org,93,Help Exist,12,Who,1,419.91,419.91,2169.71
772,2024-05-04,14,Dr. Stephanie Cannon,pcraig@example.org,210,Total Everyone,13,Past,4,383.33,1533.32,2169.71
772,2024-05-04,14,Dr. Stephanie Cannon,pcraig@example.org,117,Generation Dinner,17,Support,2,52.76,105.52,2169.71
773,2025-02-08,90,Lisa Shepherd,holmesjustin@example.net,80,Provide Fight,8,Nor,3,120.58,361.74,917.96
773,2025-02-08,90,Lisa Shepherd,holmesjustin@example.net,165,Travel Mention,13,Past,2,278.11,556.22,917.96
774,2025-09-08,140,Mark Martinez,juliemyers@example.net,34,Cultural White,11,Young,3,20.86,62.58,1474.86
774,2025-09-08,140,Mark Martinez,juliemyers@example.net,62,Stage Bit,5,Peace,3,180.17,540.51,1474.86
774,2025-09-08,140,Mark Martinez,juliemyers@example.net,186,Sort Animal,8,Nor,3,290.59,871.77,1474.86
775,2025-04-25,88,Sandra Gutierrez,daniel33@example.org,74,Full Camera,18,Strong,2,91.44,182.88,182.88
776,2024-12-19,114,Rachel Wilson,sherriperkins@example.com,16,Hold Past,5,Peace,3,305.67,917.01,917.01
777,2024-09-11,165,Charles Olsen,jeremywatkins@example.com,246,Plant Small,11,Young,2,307.59,615.18,1019.02
777,2024-09-11,165,Charles Olsen,jeremywatkins@example.com,287,Would Real,6,Several,1,403.84,403.84,1019.02
778,2024-01-23,6,Richard Moss,ushannon@example.net,157,Each Program,11,Young,4,450.37,1801.48,2366.68
778,2024-01-23,6,Richard Moss,ushannon@example.net,265,Nice Phone,6,Several,3,188.4,565.2,2366.68
779,2025-06-25,1,Dana Williams,valenciahenry@example.net,190,Lawyer Head,1,Have,2,424.43,848.86,1291.02
779,2025-06-25,1,Dana Williams,valenciahenry@example.net,42,Tv Enter,4,Choice,1,442.16,442.16,1291.02
780,2025-06-09,168,Karen Christensen,vazquezjeremy@example.org,184,See Fund,5,Peace,1,205.93,205.93,2971.75
780,2025-06-09,168,Karen Christensen,vazquezjeremy@example.org,300,Difference Discover,15,Hour,4,296.73,1186.92,2971.75
780,2025-06-09,168,Karen Christensen,vazquezjeremy@example.org,248,Marriage Expect,15,Hour,2,325.9,651.8,2971.75
780,2025-06-09,168,Karen Christensen,vazquezjeremy@example.org,75,Air Ability,2,Deal,2,463.55,927.1,2971.75
781,2024-01-25,68,Nicholas Burgess,allenkenneth@example.com,96,See Want,4,Choice,4,484.16,1936.64,1936.64
782,2024-06-30,166,Kristy Smith,stevensbrandon@example.org,69,Blue Answer,7,Phone,4,70.13,280.52,1143.54
782,2024-06-30,166,Kristy Smith,stevensbrandon@example.org,103,Hospital Be,1,Have,3,22.44,67.32000000000001,1143.54
782,2024-06-30,166,Kristy Smith,stevensbrandon@example.org,55,Result Bad,9,Wind,2,397.85,795.7,1143.54
783,2025-07-30,129,Kathy Ellison,james50@example.org,273,Condition According,16,The,4,12.43,49.72,593.5
783,2025-07-30,129,Kathy Ellison,james50@example.org,267,These Include,7,Phone,1,80.88,80.88,593.5
783,2025-07-30,129,Kathy Ellison,james50@example.org,222,Stand Which,11,Young,3,154.3,462.90000000000003,593.5
784,2025-06-01,138,Jessica Miller,sheilabrown@example.com,292,Turn Consumer,1,Have,2,184.28,368.56,2099.49
784,2025-06-01,138,Jessica Miller,sheilabrown@example.com,34,Cultural White,11,Young,2,20.86,41.72,2099.49
784,2025-06-01,138,Jessica Miller,sheilabrown@example.com,221,Suffer City,20,Mind,1,227.07,227.07,2099.49
784,2025-06-01,138,Jessica Miller,sheilabrown@example.com,139,Law Near,18,Strong,3,487.38,1462.1399999999999,2099.49
785,2025-05-14,44,Hailey Simpson MD,bgriffin@example.com,201,Life Bill,4,Choice,1,340.35,340.35,2416.54
785,2025-05-14,44,Hailey Simpson MD,bgriffin@example.com,175,General Those,15,Hour,1,483.49,483.49,2416.54
785,2025-05-14,44,Hailey Simpson MD,bgriffin@example.com,121,Four Eye,20,Mind,1,343.22,343.22,2416.54
785,2025-05-14,44,Hailey Simpson MD,bgriffin@example.com,21,Work Soldier,15,Hour,2,472.79,945.58,2416.54
785,2025-05-14,44,Hailey Simpson MD,bgriffin@example.com,129,Water Another,2,Deal,1,303.9,303.9,2416.54
786,2024-10-28,174,Hannah Newman,mark56@example.com,186,Sort Animal,8,Nor,1,290.59,290.59,1083.49
786,2024-10-28,174,Hannah Newman,mark56@example.com,220,Happen Per,8,Nor,1,250.71,250.71,1083.49
786,2024-10-28,174,Hannah Newman,mark56@example.com,94,Firm No,15,Hour,3,180.73,542.1899999999999,1083.49
787,2024-09-03,63,Sara Davis,gharris@example.org,93,Help Exist,12,Who,4,419.91,1679.64,3568.02
787,2024-09-03,63,Sara Davis,gharris@example.org,284,Money Employee,4,Choice,2,355.86,711.72,3568.02
787,2024-09-03,63,Sara Davis,gharris@example.org,197,Go Woman,7,Phone,2,292.22,584.44,3568.02
787,2024-09-03,63,Sara Davis,gharris@example.org,298,Today Unit,14,Break,2,296.11,592.22,3568.02
788,2024-09-11,121,Crystal Escobar,qwalker@example.net,92,Everyone Also,9,Wind,2,228.98,457.96,2814.16
788,2024-09-11,121,Crystal Escobar,qwalker@example.net,279,Property Note,7,Phone,2,401.9,803.8,2814.16
788,2024-09-11,121,Crystal Escobar,qwalker@example.net,57,Leg Difficult,15,Hour,2,407.43,814.86,2814.16
788,2024-09-11,121,Crystal Escobar,qwalker@example.net,120,Girl Radio,1,Have,2,304.51,609.02,2814.16
788,2024-09-11,121,Crystal Escobar,qwalker@example.net,116,Real Successful,4,Choice,4,32.13,128.52,2814.16
789,2023-12-28,112,Joseph Wilson,amanda53@example.com,206,Seat Town,10,President,4,415.22,1660.88,5358.07
789,2023-12-28,112,Joseph Wilson,amanda53@example.com,280,Response Somebody,18,Strong,4,269.57,1078.28,5358.07
789,2023-12-28,112,Joseph Wilson,amanda53@example.com,98,Born Near,7,Phone,4,367.23,1468.92,5358.07
789,2023-12-28,112,Joseph Wilson,amanda53@example.com,210,Total Everyone,13,Past,3,383.33,1149.99,5358.07
790,2025-04-20,95,William Johnson,denise27@example.com,271,Worry Medical,18,Strong,1,352.09,352.09,1250.75
790,2025-04-20,95,William Johnson,denise27@example.com,144,Teacher Peace,17,Support,2,16.99,33.98,1250.75
790,2025-04-20,95,William Johnson,denise27@example.com,261,Century Herself,7,Phone,2,432.34,864.68,1250.75
791,2024-06-15,14,Dr. Stephanie Cannon,pcraig@example.org,61,Actually List,6,Several,4,272.62,1090.48,1090.48
792,2025-05-22,166,Kristy Smith,stevensbrandon@example.org,146,Democratic Want,1,Have,4,22.64,90.56,1965.38
792,2025-05-22,166,Kristy Smith,stevensbrandon@example.org,98,Born Near,7,Phone,2,367.23,734.46,1965.38
792,2025-05-22,166,Kristy Smith,stevensbrandon@example.org,27,North Man,4,Choice,4,285.09,1140.36,1965.38
793,2024-07-28,23,Wendy Cook,brittany08@example.org,145,In Benefit,7,Phone,3,355.78,1067.34,1067.34
794,2024-05-01,14,Dr. Stephanie Cannon,pcraig@example.org,240,Over Bank,12,Who,3,239.35,718.05,837.89
794,2024-05-01,14,Dr. Stephanie Cannon,pcraig@example.org,35,Join Woman,4,Choice,4,29.96,119.84,837.89
795,2025-10-06,86,Scott Jones,lbriggs@example.net,8,Buy Try,4,Choice,1,20.61,20.61,2577.07
795,2025-10-06,86,Scott Jones,lbriggs@example.net,32,Teacher Commercial,6,Several,4,316.23,1264.92,2577.07
795,2025-10-06,86,Scott Jones,lbriggs@example.net,166,Suggest Would,13,Past,1,298.21,298.21,2577.07
795,2025-10-06,86,Scott Jones,lbriggs@example.net,129,Water Another,2,Deal,2,303.9,607.8,2577.07
795,2025-10-06,86,Scott Jones,lbriggs@example.net,200,Available Both,14,Break,1,385.53,385.53,2577.07
796,2023-12-06,2,Roger Young,butlerjerry@example.com,245,As Figure,9,Wind,1,353.67,353.67,1654.44
796,2023-12-06,2,Roger Young,butlerjerry@example.com,84,Change Offer,2,Deal,1,353.79,353.79,1654.44
796,2023-12-06,2,Roger Young,butlerjerry@example.com,265,Nice Phone,6,Several,2,188.4,376.8,1654.44
796,2023-12-06,2,Roger Young,butlerjerry@example.com,27,North Man,4,Choice,2,285.09,570.18,1654.44
797,2025-03-15,22,Rebecca Evans,alexandria34@example.com,279,Property Note,7,Phone,1,401.9,401.9,3019.98
797,2025-03-15,22,Rebecca Evans,alexandria34@example.com,205,Month Interesting,9,Wind,2,47.63,95.26,3019.98
797,2025-03-15,22,Rebecca Evans,alexandria34@example.com,81,Religious None,18,Strong,3,317.02,951.06,3019.98
797,2025-03-15,22,Rebecca Evans,alexandria34@example.com,26,Guy Itself,12,Who,3,441.62,1324.8600000000001,3019.98
797,2025-03-15,22,Rebecca Evans,alexandria34@example.com,276,Indeed Day,14,Break,3,82.3,246.89999999999998,3019.98
798,2025-09-14,44,Hailey Simpson MD,bgriffin@example.com,73,Establish Movie,12,Who,4,421.52,1686.08,1686.08
799,2025-05-30,11,Jennifer Rodriguez,robin21@example.com,298,Today Unit,14,Break,4,296.11,1184.44,1789.7
799,2025-05-30,11,Jennifer Rodriguez,robin21@example.com,91,Space Author,11,Young,1,477.97,477.97,1789.7
799,2025-05-30,11,Jennifer Rodriguez,robin21@example.com,127,Their South,11,Young,1,127.29,127.29,1789.7
800,2024-08-20,29,Tanya Ross,lindaallen@example.org,248,Marriage Expect,15,Hour,4,325.9,1303.6,1991.94
800,2024-08-20,29,Tanya Ross,lindaallen@example.org,149,Around Away,14,Break,2,344.17,688.34,1991.94
801,2024-09-30,106,Abigail Davis,yhendrix@example.com,4,Field Subject,4,Choice,1,187.68,187.68,2208.31
801,2024-09-30,106,Abigail Davis,yhendrix@example.com,164,History Involve,2,Deal,4,338.36,1353.44,2208.31
801,2024-09-30,106,Abigail Davis,yhendrix@example.com,290,Likely Concern,13,Past,1,132.55,132.55,2208.31
801,2024-09-30,106,Abigail Davis,yhendrix@example.com,29,Possible Bring,3,One,2,267.32,534.64,2208.31
802,2023-11-21,141,Nathaniel Pierce,kinggeorge@example.com,260,Important Forward,15,Hour,2,282.09,564.18,564.18
803,2024-08-28,92,James Hill,jasminewright@example.com,86,Up Form,15,Hour,4,7.44,29.76,1210.94
803,2024-08-28,92,James Hill,jasminewright@example.com,87,Health Modern,8,Nor,1,183.58,183.58,1210.94
803,2024-08-28,92,James Hill,jasminewright@example.com,128,New Low,3,One,4,231.31,925.24,1210.94
803,2024-08-28,92,James Hill,jasminewright@example.com,252,Travel Avoid,12,Who,3,24.12,72.36,1210.94
804,2025-10-27,134,Katrina Perkins,katie43@example.net,217,Receive Them,14,Break,1,267.58,267.58,1845.67
804,2025-10-27,134,Katrina Perkins,katie43@example.net,221,Suffer City,20,Mind,3,227.07,681.21,1845.67
804,2025-10-27,134,Katrina Perkins,katie43@example.net,78,Woman Worker,1,Have,4,224.22,896.88,1845.67
805,2025-02-27,58,Jennifer Tran MD,donald25@example.com,5,Both Write,5,Peace,2,140.03,280.06,1392.58
805,2025-02-27,58,Jennifer Tran MD,donald25@example.com,188,Student Sign,1,Have,4,278.13,1112.52,1392.58
806,2024-12-06,174,Hannah Newman,mark56@example.com,151,Maybe Community,3,One,2,40.03,80.06,3458.66
806,2024-12-06,174,Hannah Newman,mark56@example.com,27,North Man,4,Choice,3,285.09,855.27,3458.66
806,2024-12-06,174,Hannah Newman,mark56@example.com,53,Certainly Arrive,2,Deal,3,191.27,573.8100000000001,3458.66
806,2024-12-06,174,Hannah Newman,mark56@example.com,139,Law Near,18,Strong,4,487.38,1949.52,3458.66
807,2025-09-11,9,Emily Hernandez,alanhall@example.com,69,Blue Answer,7,Phone,1,70.13,70.13,2643.65
807,2025-09-11,9,Emily Hernandez,alanhall@example.com,234,Capital Make,18,Strong,2,18.32,36.64,2643.65
807,2025-09-11,9,Emily Hernandez,alanhall@example.com,251,Next Us,11,Young,1,316.97,316.97,2643.65
807,2025-09-11,9,Emily Hernandez,alanhall@example.com,83,Total Drop,3,One,3,260.34,781.02,2643.65
807,2025-09-11,9,Emily Hernandez,alanhall@example.com,58,Green Information,16,The,3,479.63,1438.8899999999999,2643.65
808,2025-07-28,103,Sean Perry,natalie17@example.org,273,Condition According,16,The,4,12.43,49.72,49.72
809,2024-01-31,16,Tonya Bell,medinachristine@example.org,192,Art Understand,15,Hour,3,115.13,345.39,1670.27
809,2024-01-31,16,Tonya Bell,medinachristine@example.org,109,Vote Mother,7,Phone,1,419.53,419.53,1670.27
809,2024-01-31,16,Tonya Bell,medinachristine@example.org,277,Oil Stay,10,President,3,146.65,439.95000000000005,1670.27
809,2024-01-31,16,Tonya Bell,medinachristine@example.org,254,Cultural Responsibility,15,Hour,2,232.7,465.4,1670.27
810,2024-04-08,151,Megan Simpson,devon28@example.net,97,Bag Call,2,Deal,2,477.23,954.46,2307.98
810,2024-04-08,151,Megan Simpson,devon28@example.net,208,Water Government,19,Different,3,328.57,985.71,2307.98
810,2024-04-08,151,Megan Simpson,devon28@example.net,147,Direction Big,10,President,1,367.81,367.81,2307.98
811,2025-09-19,87,Robert Vazquez,patricia40@example.org,299,Feel Meeting,12,Who,2,140.12,280.24,930.73
811,2025-09-19,87,Robert Vazquez,patricia40@example.org,233,Real It,9,Wind,3,188.06,564.1800000000001,930.73
811,2025-09-19,87,Robert Vazquez,patricia40@example.org,28,Food Voice,5,Peace,3,28.77,86.31,930.73
812,2024-03-27,60,Jacqueline Lopez,jacksongina@example.net,179,Past Parent,11,Young,2,463.55,927.1,2670.88
812,2024-03-27,60,Jacqueline Lopez,jacksongina@example.net,37,Indicate Value,13,Past,4,296.88,1187.52,2670.88
812,2024-03-27,60,Jacqueline Lopez,jacksongina@example.net,188,Student Sign,1,Have,2,278.13,556.26,2670.88
813,2025-04-21,48,Michelle Fleming,walterharris@example.org,127,Their South,11,Young,2,127.29,254.58,704.98
813,2025-04-21,48,Michelle Fleming,walterharris@example.org,223,President Them,5,Peace,4,112.6,450.4,704.98
814,2024-05-06,180,Michelle Davis,morganjared@example.com,183,Design Our,7,Phone,2,484.99,969.98,1237.12
814,2024-05-06,180,Michelle Davis,morganjared@example.com,111,Compare Media,15,Hour,2,133.57,267.14,1237.12
815,2024-02-06,52,Emily Mays,angelazimmerman@example.com,126,Audience Rock,8,Nor,3,114.78,344.34000000000003,2174.39
815,2024-02-06,52,Emily Mays,angelazimmerman@example.com,300,Difference Discover,15,Hour,1,296.73,296.73,2174.39
815,2024-02-06,52,Emily Mays,angelazimmerman@example.com,210,Total Everyone,13,Past,4,383.33,1533.32,2174.39
816,2025-02-13,7,Anthony Davis,lynnmichael@example.com,25,Employee Pay,3,One,1,254.43,254.43,254.43
817,2024-04-06,60,Jacqueline Lopez,jacksongina@example.net,87,Health Modern,8,Nor,3,183.58,550.74,1337.68
817,2024-04-06,60,Jacqueline Lopez,jacksongina@example.net,110,Move Network,17,Support,2,203.55,407.1,1337.68
817,2024-04-06,60,Jacqueline Lopez,jacksongina@example.net,31,Effect Character,7,Phone,1,22.44,22.44,1337.68
817,2024-04-06,60,Jacqueline Lopez,jacksongina@example.net,178,Prevent Home,6,Several,1,357.4,357.4,1337.68
818,2025-07-11,116,Katherine Navarro MD,michele39@example.com,250,Your Physical,7,Phone,1,409.73,409.73,1305.65
818,2025-07-11,116,Katherine Navarro MD,michele39@example.com,188,Student Sign,1,Have,1,278.13,278.13,1305.65
818,2025-07-11,116,Katherine Navarro MD,michele39@example.com,184,See Fund,5,Peace,3,205.93,617.79,1305.65
819,2025-04-14,15,Lee Wilson,danielle30@example.net,120,Girl Radio,1,Have,4,304.51,1218.04,3302.2
819,2025-04-14,15,Lee Wilson,danielle30@example.net,180,Level Catch,15,Hour,2,204.52,409.04,3302.2
819,2025-04-14,15,Lee Wilson,danielle30@example.net,40,Success Family,1,Have,2,389.12,778.24,3302.2
819,2025-04-14,15,Lee Wilson,danielle30@example.net,78,Woman Worker,1,Have,4,224.22,896.88,3302.2
820,2023-11-21,111,Mary Banks,jacobstanley@example.net,185,Congress Party,7,Phone,1,103.33,103.33,2429.41
820,2023-11-21,111,Mary Banks,jacobstanley@example.net,28,Food Voice,5,Peace,4,28.77,115.08,2429.41
820,2023-11-21,111,Mary Banks,jacobstanley@example.net,245,As Figure,9,Wind,3,353.67,1061.01,2429.41
820,2023-11-21,111,Mary Banks,jacobstanley@example.net,210,Total Everyone,13,Past,3,383.33,1149.99,2429.41
821,2024-12-25,36,Cindy Rodriguez,fordjeffery@example.org,143,Too Teach,19,Different,4,250.12,1000.48,3550.59
821,2024-12-25,36,Cindy Rodriguez,fordjeffery@example.org,50,Scientist Show,13,Past,3,310.72,932.1600000000001,3550.59
821,2024-12-25,36,Cindy Rodriguez,fordjeffery@example.org,113,Song Describe,3,One,1,282.53,282.53,3550.59
821,2024-12-25,36,Cindy Rodriguez,fordjeffery@example.org,137,Arm Base,6,Several,4,232.08,928.32,3550.59
821,2024-12-25,36,Cindy Rodriguez,fordjeffery@example.org,110,Move Network,17,Support,2,203.55,407.1,3550.59
822,2024-05-10,193,Anthony Bean,mgilmore@example.org,94,Firm No,15,Hour,2,180.73,361.46,2829.01
822,2024-05-10,193,Anthony Bean,mgilmore@example.org,283,Two Bar,1,Have,3,218.21,654.63,2829.01
822,2024-05-10,193,Anthony Bean,mgilmore@example.org,25,Employee Pay,3,One,1,254.43,254.43,2829.01
822,2024-05-10,193,Anthony Bean,mgilmore@example.org,17,Family Interest,11,Young,1,290.41,290.41,2829.01
822,2024-05-10,193,Anthony Bean,mgilmore@example.org,81,Religious None,18,Strong,4,317.02,1268.08,2829.01
823,2024-12-29,200,Alejandra Fitzgerald,ellisonhoward@example.org,227,West Star,11,Young,1,456.4,456.4,1718.31
823,2024-12-29,200,Alejandra Fitzgerald,ellisonhoward@example.org,194,Guy Director,8,Nor,4,215.51,862.04,1718.31
823,2024-12-29,200,Alejandra Fitzgerald,ellisonhoward@example.org,106,First Party,20,Mind,3,133.29,399.87,1718.31
824,2024-05-26,3,Ruben Perez MD,ejohnson@example.org,241,Chance Garden,8,Nor,2,413.64,827.28,827.28
825,2025-10-26,198,Rebecca Kaufman,amandarivers@example.org,110,Move Network,17,Support,3,203.55,610.6500000000001,610.65
826,2024-11-20,167,Monica Jones,tgraham@example.net,242,Case Base,3,One,4,244.55,978.2,3345.14
826,2024-11-20,167,Monica Jones,tgraham@example.net,89,Member Four,15,Hour,3,317.99,953.97,3345.14
826,2024-11-20,167,Monica Jones,tgraham@example.net,75,Air Ability,2,Deal,3,463.55,1390.65,3345.14
826,2024-11-20,167,Monica Jones,tgraham@example.net,86,Up Form,15,Hour,3,7.44,22.32,3345.14
827,2024-08-23,169,Stephanie Bonilla PhD,sgray@example.org,44,Remember That,2,Deal,1,60.36,60.36,107.68
827,2024-08-23,169,Stephanie Bonilla PhD,sgray@example.org,151,Maybe Community,3,One,1,40.03,40.03,107.68
827,2024-08-23,169,Stephanie Bonilla PhD,sgray@example.org,7,Because Night,2,Deal,1,7.29,7.29,107.68
828,2024-04-18,5,Michael Chang,kellychad@example.net,42,Tv Enter,4,Choice,3,442.16,1326.48,3543.55
828,2024-04-18,5,Michael Chang,kellychad@example.net,28,Food Voice,5,Peace,3,28.77,86.31,3543.55
828,2024-04-18,5,Michael Chang,kellychad@example.net,36,Camera Prove,11,Young,4,416.65,1666.6,3543.55
828,2024-04-18,5,Michael Chang,kellychad@example.net,137,Arm Base,6,Several,2,232.08,464.16,3543.55
829,2025-07-21,21,Jeremy Gill,craiggonzalez@example.net,276,Indeed Day,14,Break,4,82.3,329.2,329.2
830,2025-06-29,152,Jennifer Williams,omeadows@example.com,143,Too Teach,19,Different,2,250.12,500.24,1814.66
830,2025-06-29,152,Jennifer Williams,omeadows@example.com,99,Culture Big,6,Several,3,67.3,201.89999999999998,1814.66
830,2025-06-29,152,Jennifer Williams,omeadows@example.com,188,Student Sign,1,Have,4,278.13,1112.52,1814.66
831,2024-07-23,114,Rachel Wilson,sherriperkins@example.com,15,Fact Few,8,Nor,3,329.57,988.71,2952.94
831,2024-07-23,114,Rachel Wilson,sherriperkins@example.com,108,Themselves Last,10,President,3,10.17,30.509999999999998,2952.94
831,2024-07-23,114,Rachel Wilson,sherriperkins@example.com,280,Response Somebody,18,Strong,2,269.57,539.14,2952.94
831,2024-07-23,114,Rachel Wilson,sherriperkins@example.com,269,Personal Hotel,13,Past,4,263.01,1052.04,2952.94
831,2024-07-23,114,Rachel Wilson,sherriperkins@example.com,288,Several Bill,18,Strong,1,342.54,342.54,2952.94
832,2025-05-25,31,Angela Blair,scottmarcus@example.org,51,Attention Local,7,Phone,2,27.74,55.48,2468.16
832,2025-05-25,31,Angela Blair,scottmarcus@example.org,16,Hold Past,5,Peace,4,305.67,1222.68,2468.16
832,2025-05-25,31,Angela Blair,scottmarcus@example.org,219,Could Kid,1,Have,4,297.5,1190.0,2468.16
833,2024-07-01,38,Andrew Martin,ericwilson@example.com,10,Player Long,10,President,3,404.49,1213.47,1213.47
834,2024-03-24,125,Emily Peterson,misty86@example.com,42,Tv Enter,4,Choice,4,442.16,1768.64,5070.77
834,2024-03-24,125,Emily Peterson,misty86@example.com,175,General Those,15,Hour,3,483.49,1450.47,5070.77
834,2024-03-24,125,Emily Peterson,misty86@example.com,275,Former Different,9,Wind,4,79.09,316.36,5070.77
834,2024-03-24,125,Emily Peterson,misty86@example.com,92,Everyone Also,9,Wind,4,228.98,915.92,5070.77
834,2024-03-24,125,Emily Peterson,misty86@example.com,131,Of Audience,15,Hour,2,309.69,619.38,5070.77
835,2025-03-19,86,Scott Jones,lbriggs@example.net,186,Sort Animal,8,Nor,4,290.59,1162.36,1986.14
835,2025-03-19,86,Scott Jones,lbriggs@example.net,75,Air Ability,2,Deal,1,463.55,463.55,1986.14
835,2025-03-19,86,Scott Jones,lbriggs@example.net,164,History Involve,2,Deal,1,338.36,338.36,1986.14
835,2025-03-19,86,Scott Jones,lbriggs@example.net,7,Because Night,2,Deal,3,7.29,21.87,1986.14
836,2025-01-27,187,Robert Davis,jonathan74@example.org,287,Would Real,6,Several,3,403.84,1211.52,3251.89
836,2025-01-27,187,Robert Davis,jonathan74@example.org,286,During Challenge,18,Strong,3,241.31,723.9300000000001,3251.89
836,2025-01-27,187,Robert Davis,jonathan74@example.org,171,Foot Arm,9,Wind,4,329.11,1316.44,3251.89
837,2023-12-07,30,Jennifer King,rosstroy@example.org,131,Of Audience,15,Hour,3,309.69,929.0699999999999,2167.48
837,2023-12-07,30,Jennifer King,rosstroy@example.org,62,Stage Bit,5,Peace,2,180.17,360.34,2167.48
837,2023-12-07,30,Jennifer King,rosstroy@example.org,209,Day Picture,18,Strong,4,209.9,839.6,2167.48
837,2023-12-07,30,Jennifer King,rosstroy@example.org,252,Travel Avoid,12,Who,1,24.12,24.12,2167.48
837,2023-12-07,30,Jennifer King,rosstroy@example.org,202,Professor Effort,4,Choice,1,14.35,14.35,2167.48
838,2023-12-14,34,Brent Kemp,christophergill@example.com,66,Space Practice,7,Phone,4,27.28,109.12,4283.43
838,2023-12-14,34,Brent Kemp,christophergill@example.com,107,Bar Also,6,Several,4,345.6,1382.4,4283.43
838,2023-12-14,34,Brent Kemp,christophergill@example.com,109,Vote Mother,7,Phone,3,419.53,1258.59,4283.43
838,2023-12-14,34,Brent Kemp,christophergill@example.com,210,Total Everyone,13,Past,4,383.33,1533.32,4283.43
839,2023-11-26,191,Zachary Johnson,dawnharris@example.net,181,Soldier It,19,Different,4,290.32,1161.28,2907.54
839,2023-11-26,191,Zachary Johnson,dawnharris@example.net,60,Discover Business,10,President,3,166.65,499.95000000000005,2907.54
839,2023-11-26,191,Zachary Johnson,dawnharris@example.net,96,See Want,4,Choice,2,484.16,968.32,2907.54
839,2023-11-26,191,Zachary Johnson,dawnharris@example.net,108,Themselves Last,10,President,1,10.17,10.17,2907.54
839,2023-11-26,191,Zachary Johnson,dawnharris@example.net,9,Here But,4,Choice,2,133.91,267.82,2907.54
840,2024-03-21,19,Harry Bruce,phall@example.com,236,Play One,1,Have,2,374.63,749.26,2689.22
840,2024-03-21,19,Harry Bruce,phall@example.com,183,Design Our,7,Phone,4,484.99,1939.96,2689.22
841,2025-08-27,185,Eric Woods,janet14@example.com,71,Party Example,10,President,3,84.14,252.42000000000002,2515.63
841,2025-08-27,185,Eric Woods,janet14@example.com,173,Water Option,20,Mind,3,96.07,288.21,2515.63
841,2025-08-27,185,Eric Woods,janet14@example.com,264,Woman Mission,20,Mind,1,177.38,177.38,2515.63
841,2025-08-27,185,Eric Woods,janet14@example.com,2,May Mouth,15,Hour,1,446.5,446.5,2515.63
841,2025-08-27,185,Eric Woods,janet14@example.com,289,Fight Assume,10,President,4,337.78,1351.12,2515.63
842,2025-09-29,90,Lisa Shepherd,holmesjustin@example.net,220,Happen Per,8,Nor,4,250.71,1002.84,1002.84
843,2024-12-03,7,Anthony Davis,lynnmichael@example.com,210,Total Everyone,13,Past,2,383.33,766.66,766.66
844,2024-01-28,100,Mrs. Tracy Cook,davidweaver@example.com,61,Actually List,6,Several,3,272.62,817.86,3306.77
844,2024-01-28,100,Mrs. Tracy Cook,davidweaver@example.com,154,Talk Word,2,Deal,3,228.28,684.84,3306.77
844,2024-01-28,100,Mrs. Tracy Cook,davidweaver@example.com,69,Blue Answer,7,Phone,1,70.13,70.13,3306.77
844,2024-01-28,100,Mrs. Tracy Cook,davidweaver@example.com,278,Large Fill,8,Nor,3,448.51,1345.53,3306.77
844,2024-01-28,100,Mrs. Tracy Cook,davidweaver@example.com,124,Six Series,5,Peace,3,129.47,388.40999999999997,3306.77
845,2024-07-22,69,Ronnie Welch,turnermichelle@example.com,275,Former Different,9,Wind,2,79.09,158.18,2918.49
845,2024-07-22,69,Ronnie Welch,turnermichelle@example.com,278,Large Fill,8,Nor,4,448.51,1794.04,2918.49
845,2024-07-22,69,Ronnie Welch,turnermichelle@example.com,24,Task Wait,2,Deal,1,489.49,489.49,2918.49
845,2024-07-22,69,Ronnie Welch,turnermichelle@example.com,20,Lead Contain,6,Several,2,189.84,379.68,2918.49
845,2024-07-22,69,Ronnie Welch,turnermichelle@example.com,76,Director Standard,14,Break,2,48.55,97.1,2918.49
846,2024-09-02,74,Matthew Gilbert,laurenkelly@example.com,206,Seat Town,10,President,1,415.22,415.22,768.85
846,2024-09-02,74,Matthew Gilbert,laurenkelly@example.com,273,Condition According,16,The,1,12.43,12.43,768.85
846,2024-09-02,74,Matthew Gilbert,laurenkelly@example.com,207,Skin Fly,17,Support,1,341.2,341.2,768.85
847,2024-02-17,118,Matthew Rodriguez,ksanchez@example.com,278,Large Fill,8,Nor,3,448.51,1345.53,1345.53
848,2023-12-28,100,Mrs. Tracy Cook,davidweaver@example.com,18,Food Responsibility,2,Deal,2,112.07,224.14,314.17
848,2023-12-28,100,Mrs. Tracy Cook,davidweaver@example.com,59,Involve Rule,9,Wind,1,56.05,56.05,314.17
848,2023-12-28,100,Mrs. Tracy Cook,davidweaver@example.com,144,Teacher Peace,17,Support,2,16.99,33.98,314.17
849,2024-10-04,182,Raymond Taylor,williemorris@example.com,28,Food Voice,5,Peace,3,28.77,86.31,982.96
849,2024-10-04,182,Raymond Taylor,williemorris@example.com,143,Too Teach,19,Different,1,250.12,250.12,982.96
849,2024-10-04,182,Raymond Taylor,williemorris@example.com,194,Guy Director,8,Nor,3,215.51,646.53,982.96
850,2024-02-14,167,Monica Jones,tgraham@example.net,293,Sell Else,4,Choice,3,352.97,1058.91,2858.41
850,2024-02-14,167,Monica Jones,tgraham@example.net,184,See Fund,5,Peace,1,205.93,205.93,2858.41
850,2024-02-14,167,Monica Jones,tgraham@example.net,32,Teacher Commercial,6,Several,3,316.23,948.69,2858.41
850,2024-02-14,167,Monica Jones,tgraham@example.net,134,Simple Thing,3,One,2,225.34,450.68,2858.41
850,2024-02-14,167,Monica Jones,tgraham@example.net,76,Director Standard,14,Break,4,48.55,194.2,2858.41
851,2024-05-17,167,Monica Jones,tgraham@example.net,2,May Mouth,15,Hour,4,446.5,1786.0,2318.14
851,2024-05-17,167,Monica Jones,tgraham@example.net,264,Woman Mission,20,Mind,3,177.38,532.14,2318.14
852,2025-03-05,129,Kathy Ellison,james50@example.org,204,Civil Officer,5,Peace,2,404.78,809.56,809.56
853,2024-12-27,21,Jeremy Gill,craiggonzalez@example.net,90,Carry My,18,Strong,1,463.35,463.35,1212.61
853,2024-12-27,21,Jeremy Gill,craiggonzalez@example.net,236,Play One,1,Have,2,374.63,749.26,1212.61
854,2025-03-31,96,Robert White,rebeccapatel@example.com,275,Former Different,9,Wind,2,79.09,158.18,1654.19
854,2025-03-31,96,Robert White,rebeccapatel@example.com,108,Themselves Last,10,President,1,10.17,10.17,1654.19
854,2025-03-31,96,Robert White,rebeccapatel@example.com,232,Feel End,6,Several,3,495.28,1485.84,1654.19
855,2025-10-19,67,Jeffrey Anderson,henrymelissa@example.com,198,Event Evening,16,The,1,177.98,177.98,1090.66
855,2025-10-19,67,Jeffrey Anderson,henrymelissa@example.com,246,Plant Small,11,Young,2,307.59,615.18,1090.66
855,2025-10-19,67,Jeffrey Anderson,henrymelissa@example.com,219,Could Kid,1,Have,1,297.5,297.5,1090.66
856,2024-07-07,178,Corey Wilson,christinacruz@example.com,207,Skin Fly,17,Support,2,341.2,682.4,3301.41
856,2024-07-07,178,Corey Wilson,christinacruz@example.com,72,Agree That,19,Different,3,456.83,1370.49,3301.41
856,2024-07-07,178,Corey Wilson,christinacruz@example.com,291,Imagine Indeed,18,Strong,1,181.18,181.18,3301.41
856,2024-07-07,178,Corey Wilson,christinacruz@example.com,145,In Benefit,7,Phone,3,355.78,1067.34,3301.41
857,2024-04-12,106,Abigail Davis,yhendrix@example.com,140,World Garden,16,The,3,71.64,214.92000000000002,3970.03
857,2024-04-12,106,Abigail Davis,yhendrix@example.com,31,Effect Character,7,Phone,3,22.44,67.32000000000001,3970.03
857,2024-04-12,106,Abigail Davis,yhendrix@example.com,284,Money Employee,4,Choice,4,355.86,1423.44,3970.03
857,2024-04-12,106,Abigail Davis,yhendrix@example.com,91,Space Author,11,Young,3,477.97,1433.91,3970.03
857,2024-04-12,106,Abigail Davis,yhendrix@example.com,206,Seat Town,10,President,2,415.22,830.44,3970.03
858,2024-08-14,146,Jerry Moore,megansmith@example.org,241,Chance Garden,8,Nor,3,413.64,1240.92,1240.92
859,2025-06-08,143,Darren Leon,matthew89@example.com,295,Yard Conference,6,Several,2,328.64,657.28,657.28
860,2025-01-30,187,Robert Davis,jonathan74@example.org,37,Indicate Value,13,Past,4,296.88,1187.52,1355.67
860,2025-01-30,187,Robert Davis,jonathan74@example.org,59,Involve Rule,9,Wind,3,56.05,168.14999999999998,1355.67
861,2024-01-10,102,Kelly Hester,mcbrideshannon@example.net,22,Leave Leader,14,Break,4,155.35,621.4,2550.62
861,2024-01-10,102,Kelly Hester,mcbrideshannon@example.net,121,Four Eye,20,Mind,3,343.22,1029.66,2550.62
861,2024-01-10,102,Kelly Hester,mcbrideshannon@example.net,70,Student Democrat,20,Mind,2,449.78,899.56,2550.62
862,2025-09-18,129,Kathy Ellison,james50@example.org,30,Author Indicate,20,Mind,1,420.92,420.92,420.92
863,2025-10-23,151,Megan Simpson,devon28@example.net,292,Turn Consumer,1,Have,1,184.28,184.28,902.33
863,2025-10-23,151,Megan Simpson,devon28@example.net,240,Over Bank,12,Who,3,239.35,718.05,902.33
864,2024-11-06,186,Mark Leonard,thomas23@example.net,79,Unit Could,10,President,1,181.67,181.67,3341.35
864,2024-11-06,186,Mark Leonard,thomas23@example.net,235,Ago Tend,7,Phone,4,497.94,1991.76,3341.35
864,2024-11-06,186,Mark Leonard,thomas23@example.net,102,New Recognize,12,Who,4,291.98,1167.92,3341.35
865,2025-02-08,185,Eric Woods,janet14@example.com,65,Benefit Real,4,Choice,1,488.07,488.07,2153.5
865,2025-02-08,185,Eric Woods,janet14@example.com,169,Wrong Stop,7,Phone,2,442.09,884.18,2153.5
865,2025-02-08,185,Eric Woods,janet14@example.com,257,Keep Image,12,Who,1,108.93,108.93,2153.5
865,2025-02-08,185,Eric Woods,janet14@example.com,101,Guess Expert,11,Young,2,141.6,283.2,2153.5
865,2025-02-08,185,Eric Woods,janet14@example.com,40,Success Family,1,Have,1,389.12,389.12,2153.5
866,2024-02-29,84,Brandy Bishop,cruzterri@example.net,204,Civil Officer,5,Peace,4,404.78,1619.12,3488.21
866,2024-02-29,84,Brandy Bishop,cruzterri@example.net,11,Father Hope,9,Wind,1,445.65,445.65,3488.21
866,2024-02-29,84,Brandy Bishop,cruzterri@example.net,284,Money Employee,4,Choice,4,355.86,1423.44,3488.21
867,2024-01-21,101,Christopher Wilson,johnsonmatthew@example.com,192,Art Understand,15,Hour,1,115.13,115.13,2368.25
867,2024-01-21,101,Christopher Wilson,johnsonmatthew@example.com,172,Join Listen,5,Peace,4,212.91,851.64,2368.25
867,2024-01-21,101,Christopher Wilson,johnsonmatthew@example.com,109,Vote Mother,7,Phone,3,419.53,1258.59,2368.25
867,2024-01-21,101,Christopher Wilson,johnsonmatthew@example.com,205,Month Interesting,9,Wind,3,47.63,142.89000000000001,2368.25
868,2024-08-14,159,Abigail Stevens,heatherquinn@example.net,170,Miss Different,14,Break,3,233.22,699.66,2132.22
868,2024-08-14,159,Abigail Stevens,heatherquinn@example.net,51,Attention Local,7,Phone,3,27.74,83.22,2132.22
868,2024-08-14,159,Abigail Stevens,heatherquinn@example.net,70,Student Democrat,20,Mind,3,449.78,1349.34,2132.22
869,2025-04-06,41,Christopher Garcia,keithturner@example.com,300,Difference Discover,15,Hour,4,296.73,1186.92,2388.04
869,2025-04-06,41,Christopher Garcia,keithturner@example.com,62,Stage Bit,5,Peace,1,180.17,180.17,2388.04
869,2025-04-06,41,Christopher Garcia,keithturner@example.com,126,Audience Rock,8,Nor,2,114.78,229.56,2388.04
869,2025-04-06,41,Christopher Garcia,keithturner@example.com,232,Feel End,6,Several,1,495.28,495.28,2388.04
869,2025-04-06,41,Christopher Garcia,keithturner@example.com,298,Today Unit,14,Break,1,296.11,296.11,2388.04
870,2023-11-15,137,Christopher Alexander,msanchez@example.org,279,Property Note,7,Phone,2,401.9,803.8,893.68
870,2023-11-15,137,Christopher Alexander,msanchez@example.org,35,Join Woman,4,Choice,3,29.96,89.88,893.68
871,2025-03-29,26,Timothy Wyatt,tammy31@example.net,277,Oil Stay,10,President,4,146.65,586.6,874.77
871,2025-03-29,26,Timothy Wyatt,tammy31@example.net,237,Wait Five,1,Have,1,288.17,288.17,874.77
872,2024-04-14,46,Alexander Dickerson,mariagreen@example.net,249,Fill Show,6,Several,2,378.8,757.6,899.2
872,2024-04-14,46,Alexander Dickerson,mariagreen@example.net,101,Guess Expert,11,Young,1,141.6,141.6,899.2
873,2024-03-25,140,Mark Martinez,juliemyers@example.net,16,Hold Past,5,Peace,1,305.67,305.67,3018.87
873,2024-03-25,140,Mark Martinez,juliemyers@example.net,69,Blue Answer,7,Phone,3,70.13,210.39,3018.87
873,2024-03-25,140,Mark Martinez,juliemyers@example.net,163,Indicate Ball,16,The,3,492.37,1477.1100000000001,3018.87
873,2024-03-25,140,Mark Martinez,juliemyers@example.net,214,Increase Because,8,Nor,3,341.9,1025.6999999999998,3018.87
874,2024-09-09,97,Michele Swanson,jessica44@example.net,213,Sort Half,18,Strong,2,50.51,101.02,1363.66
874,2024-09-09,97,Michele Swanson,jessica44@example.net,160,See Item,18,Strong,4,25.16,100.64,1363.66
874,2024-09-09,97,Michele Swanson,jessica44@example.net,140,World Garden,16,The,4,71.64,286.56,1363.66
874,2024-09-09,97,Michele Swanson,jessica44@example.net,226,Fast Still,13,Past,2,437.72,875.44,1363.66
875,2024-12-04,19,Harry Bruce,phall@example.com,37,Indicate Value,13,Past,2,296.88,593.76,2017.35
875,2024-12-04,19,Harry Bruce,phall@example.com,140,World Garden,16,The,2,71.64,143.28,2017.35
875,2024-12-04,19,Harry Bruce,phall@example.com,288,Several Bill,18,Strong,1,342.54,342.54,2017.35
875,2024-12-04,19,Harry Bruce,phall@example.com,23,Occur Still,15,Hour,3,312.59,937.77,2017.35
876,2024-06-27,136,Teresa Baker,amoore@example.com,34,Cultural White,11,Young,3,20.86,62.58,469.68
876,2024-06-27,136,Teresa Baker,amoore@example.com,110,Move Network,17,Support,2,203.55,407.1,469.68
877,2024-11-18,18,Chelsea White,ortizderek@example.org,113,Song Describe,3,One,4,282.53,1130.12,1261.13
877,2024-11-18,18,Chelsea White,ortizderek@example.org,177,Former Truth,4,Choice,3,43.67,131.01,1261.13
878,2024-07-22,79,Frank Castillo,smarshall@example.com,293,Sell Else,4,Choice,1,352.97,352.97,1972.65
878,2024-07-22,79,Frank Castillo,smarshall@example.com,206,Seat Town,10,President,1,415.22,415.22,1972.65
878,2024-07-22,79,Frank Castillo,smarshall@example.com,141,Since Lot,1,Have,1,345.3,345.3,1972.65
878,2024-07-22,79,Frank Castillo,smarshall@example.com,139,Law Near,18,Strong,1,487.38,487.38,1972.65
878,2024-07-22,79,Frank Castillo,smarshall@example.com,266,Second With,2,Deal,1,371.78,371.78,1972.65
879,2025-06-04,75,Dana Dyer,walkerbruce@example.net,159,West Wind,4,Choice,1,278.1,278.1,510.8
879,2025-06-04,75,Dana Dyer,walkerbruce@example.net,254,Cultural Responsibility,15,Hour,1,232.7,232.7,510.8
880,2024-09-29,54,Brett Hayes,venglish@example.com,61,Actually List,6,Several,4,272.62,1090.48,1950.54
880,2024-09-29,54,Brett Hayes,venglish@example.com,87,Health Modern,8,Nor,1,183.58,183.58,1950.54
880,2024-09-29,54,Brett Hayes,venglish@example.com,158,Economy Really,16,The,2,54.69,109.38,1950.54
880,2024-09-29,54,Brett Hayes,venglish@example.com,130,Performance Other,15,Hour,2,283.55,567.1,1950.54
881,2024-05-31,173,Cynthia Berger,hvasquez@example.org,224,Either Itself,19,Different,2,317.16,634.32,634.32
882,2025-03-22,59,Jeffrey Garcia,kristenalvarez@example.com,71,Party Example,10,President,4,84.14,336.56,407.78
882,2025-03-22,59,Jeffrey Garcia,kristenalvarez@example.com,285,Increase Behind,11,Young,1,71.22,71.22,407.78
883,2024-04-13,92,James Hill,jasminewright@example.com,31,Effect Character,7,Phone,1,22.44,22.44,2158.8
883,2024-04-13,92,James Hill,jasminewright@example.com,153,Identify Answer,19,Different,2,476.91,953.82,2158.8
883,2024-04-13,92,James Hill,jasminewright@example.com,16,Hold Past,5,Peace,1,305.67,305.67,2158.8
883,2024-04-13,92,James Hill,jasminewright@example.com,253,Tell Miss,19,Different,3,292.29,876.8700000000001,2158.8
884,2025-04-21,182,Raymond Taylor,williemorris@example.com,117,Generation Dinner,17,Support,4,52.76,211.04,3942.34
884,2025-04-21,182,Raymond Taylor,williemorris@example.com,49,Really However,17,Support,2,344.28,688.56,3942.34
884,2025-04-21,182,Raymond Taylor,williemorris@example.com,208,Water Government,19,Different,2,328.57,657.14,3942.34
884,2025-04-21,182,Raymond Taylor,williemorris@example.com,291,Imagine Indeed,18,Strong,4,181.18,724.72,3942.34
884,2025-04-21,182,Raymond Taylor,williemorris@example.com,206,Seat Town,10,President,4,415.22,1660.88,3942.34
885,2024-03-04,125,Emily Peterson,misty86@example.com,189,Material Class,4,Choice,4,419.75,1679.0,1679.0
886,2025-07-07,106,Abigail Davis,yhendrix@example.com,231,Travel Strong,5,Peace,1,84.5,84.5,1849.62
886,2025-07-07,106,Abigail Davis,yhendrix@example.com,188,Student Sign,1,Have,4,278.13,1112.52,1849.62
886,2025-07-07,106,Abigail Davis,yhendrix@example.com,77,Represent Similar,19,Different,4,163.15,652.6,1849.62
887,2024-07-10,45,Debra Schroeder,laurieclark@example.com,192,Art Understand,15,Hour,3,115.13,345.39,1761.87
887,2024-07-10,45,Debra Schroeder,laurieclark@example.com,188,Student Sign,1,Have,2,278.13,556.26,1761.87
887,2024-07-10,45,Debra Schroeder,laurieclark@example.com,211,Almost Thousand,11,Young,3,231.19,693.5699999999999,1761.87
887,2024-07-10,45,Debra Schroeder,laurieclark@example.com,60,Discover Business,10,President,1,166.65,166.65,1761.87
888,2024-09-01,114,Rachel Wilson,sherriperkins@example.com,178,Prevent Home,6,Several,1,357.4,357.4,1390.24
888,2024-09-01,114,Rachel Wilson,sherriperkins@example.com,49,Really However,17,Support,3,344.28,1032.84,1390.24
889,2024-03-11,90,Lisa Shepherd,holmesjustin@example.net,71,Party Example,10,President,3,84.14,252.42000000000002,252.42
890,2025-04-26,126,Patricia Pugh,craigjohnson@example.org,36,Camera Prove,11,Young,4,416.65,1666.6,4204.18
890,2025-04-26,126,Patricia Pugh,craigjohnson@example.org,14,Thank Question,5,Peace,2,81.0,162.0,4204.18
890,2025-04-26,126,Patricia Pugh,craigjohnson@example.org,120,Girl Radio,1,Have,3,304.51,913.53,4204.18
890,2025-04-26,126,Patricia Pugh,craigjohnson@example.org,201,Life Bill,4,Choice,3,340.35,1021.0500000000001,4204.18
890,2025-04-26,126,Patricia Pugh,craigjohnson@example.org,150,What Thing,17,Support,4,110.25,441.0,4204.18
891,2025-03-26,87,Robert Vazquez,patricia40@example.org,100,Mission Many,13,Past,1,345.4,345.4,1957.07
891,2025-03-26,87,Robert Vazquez,patricia40@example.org,141,Since Lot,1,Have,3,345.3,1035.9,1957.07
891,2025-03-26,87,Robert Vazquez,patricia40@example.org,68,Church Huge,5,Peace,1,135.82,135.82,1957.07
891,2025-03-26,87,Robert Vazquez,patricia40@example.org,277,Oil Stay,10,President,3,146.65,439.95000000000005,1957.07
892,2025-05-28,131,Dr. Craig Macdonald,jennifer99@example.com,134,Simple Thing,3,One,2,225.34,450.68,2090.89
892,2025-05-28,131,Dr. Craig Macdonald,jennifer99@example.com,155,Interest Congress,6,Several,2,146.02,292.04,2090.89
892,2025-05-28,131,Dr. Craig Macdonald,jennifer99@example.com,104,Really Rich,7,Phone,3,449.39,1348.17,2090.89
893,2024-07-15,80,Cynthia Malone,weaverjason@example.org,166,Suggest Would,13,Past,2,298.21,596.42,596.42
894,2025-06-17,187,Robert Davis,jonathan74@example.org,237,Wait Five,1,Have,2,288.17,576.34,2816.14
894,2025-06-17,187,Robert Davis,jonathan74@example.org,295,Yard Conference,6,Several,4,328.64,1314.56,2816.14
894,2025-06-17,187,Robert Davis,jonathan74@example.org,128,New Low,3,One,4,231.31,925.24,2816.14
895,2025-06-15,161,Matthew Baldwin,dconner@example.com,18,Food Responsibility,2,Deal,1,112.07,112.07,112.07
896,2024-06-29,10,John Woodard MD,michael82@example.com,203,Establish Yourself,6,Several,3,388.63,1165.8899999999999,4763.4
896,2024-06-29,10,John Woodard MD,michael82@example.com,268,We Lawyer,1,Have,4,197.51,790.04,4763.4
896,2024-06-29,10,John Woodard MD,michael82@example.com,131,Of Audience,15,Hour,3,309.69,929.0699999999999,4763.4
896,2024-06-29,10,John Woodard MD,michael82@example.com,196,Community Bill,9,Wind,4,469.6,1878.4,4763.4
897,2025-02-04,72,Cody Davis,elizabeth77@example.net,142,Him Baby,5,Peace,2,93.26,186.52,1034.11
897,2025-02-04,72,Cody Davis,elizabeth77@example.net,113,Song Describe,3,One,3,282.53,847.5899999999999,1034.11
898,2025-02-28,90,Lisa Shepherd,holmesjustin@example.net,15,Fact Few,8,Nor,1,329.57,329.57,1169.69
898,2025-02-28,90,Lisa Shepherd,holmesjustin@example.net,185,Congress Party,7,Phone,4,103.33,413.32,1169.69
898,2025-02-28,90,Lisa Shepherd,holmesjustin@example.net,213,Sort Half,18,Strong,2,50.51,101.02,1169.69
898,2025-02-28,90,Lisa Shepherd,holmesjustin@example.net,133,Paper Cup,20,Mind,2,162.89,325.78,1169.69
899,2024-09-02,149,Joan Dickerson,rebeccabarton@example.org,250,Your Physical,7,Phone,2,409.73,819.46,819.46
900,2024-02-17,91,Jose Frazier,greghale@example.net,176,Federal Pattern,10,President,2,355.92,711.84,3306.67
900,2024-02-17,91,Jose Frazier,greghale@example.net,67,Actually Difficult,19,Different,4,100.71,402.84,3306.67
900,2024-02-17,91,Jose Frazier,greghale@example.net,26,Guy Itself,12,Who,3,441.62,1324.8600000000001,3306.67
900,2024-02-17,91,Jose Frazier,greghale@example.net,78,Woman Worker,1,Have,3,224.22,672.66,3306.67
900,2024-02-17,91,Jose Frazier,greghale@example.net,123,Their Different,13,Past,1,194.47,194.47,3306.67
901,2024-11-14,138,Jessica Miller,sheilabrown@example.com,95,Song Color,11,Young,3,320.9,962.6999999999999,962.7
902,2024-02-19,4,Emily Simon,aatkinson@example.net,46,Like Professor,9,Wind,1,159.21,159.21,1574.37
902,2024-02-19,4,Emily Simon,aatkinson@example.net,84,Change Offer,2,Deal,4,353.79,1415.16,1574.37
903,2024-06-06,75,Dana Dyer,walkerbruce@example.net,163,Indicate Ball,16,The,3,492.37,1477.1100000000001,2212.73
903,2024-06-06,75,Dana Dyer,walkerbruce@example.net,147,Direction Big,10,President,2,367.81,735.62,2212.73
904,2024-10-20,193,Anthony Bean,mgilmore@example.org,6,Plan Discussion,7,Phone,3,434.61,1303.83,3432.97
904,2024-10-20,193,Anthony Bean,mgilmore@example.org,55,Result Bad,9,Wind,3,397.85,1193.5500000000002,3432.97
904,2024-10-20,193,Anthony Bean,mgilmore@example.org,278,Large Fill,8,Nor,1,448.51,448.51,3432.97
904,2024-10-20,193,Anthony Bean,mgilmore@example.org,51,Attention Local,7,Phone,4,27.74,110.96,3432.97
904,2024-10-20,193,Anthony Bean,mgilmore@example.org,233,Real It,9,Wind,2,188.06,376.12,3432.97
905,2024-06-11,10,John Woodard MD,michael82@example.com,145,In Benefit,7,Phone,3,355.78,1067.34,1849.49
905,2024-06-11,10,John Woodard MD,michael82@example.com,264,Woman Mission,20,Mind,1,177.38,177.38,1849.49
905,2024-06-11,10,John Woodard MD,michael82@example.com,94,Firm No,15,Hour,3,180.73,542.1899999999999,1849.49
905,2024-06-11,10,John Woodard MD,michael82@example.com,34,Cultural White,11,Young,3,20.86,62.58,1849.49
906,2024-11-03,66,Andrea Carr,nataliecraig@example.org,93,Help Exist,12,Who,1,419.91,419.91,3336.5
906,2024-11-03,66,Andrea Carr,nataliecraig@example.org,25,Employee Pay,3,One,3,254.43,763.29,3336.5
906,2024-11-03,66,Andrea Carr,nataliecraig@example.org,252,Travel Avoid,12,Who,1,24.12,24.12,3336.5
906,2024-11-03,66,Andrea Carr,nataliecraig@example.org,64,Bank Area,18,Strong,1,274.98,274.98,3336.5
906,2024-11-03,66,Andrea Carr,nataliecraig@example.org,75,Air Ability,2,Deal,4,463.55,1854.2,3336.5
907,2025-10-15,85,Paige Saunders,reederica@example.com,103,Hospital Be,1,Have,2,22.44,44.88,4323.12
907,2025-10-15,85,Paige Saunders,reederica@example.com,187,Morning Notice,10,President,4,456.83,1827.32,4323.12
907,2025-10-15,85,Paige Saunders,reederica@example.com,169,Wrong Stop,7,Phone,4,442.09,1768.36,4323.12
907,2025-10-15,85,Paige Saunders,reederica@example.com,285,Increase Behind,11,Young,1,71.22,71.22,4323.12
907,2025-10-15,85,Paige Saunders,reederica@example.com,16,Hold Past,5,Peace,2,305.67,611.34,4323.12
908,2025-06-22,164,Jodi Barker,alexandersimmons@example.com,150,What Thing,17,Support,2,110.25,220.5,1126.29
908,2025-06-22,164,Jodi Barker,alexandersimmons@example.com,227,West Star,11,Young,1,456.4,456.4,1126.29
908,2025-06-22,164,Jodi Barker,alexandersimmons@example.com,104,Really Rich,7,Phone,1,449.39,449.39,1126.29
909,2024-09-24,117,Carlos Torres,kjohnson@example.org,253,Tell Miss,19,Different,2,292.29,584.58,3224.9
909,2024-09-24,117,Carlos Torres,kjohnson@example.org,117,Generation Dinner,17,Support,2,52.76,105.52,3224.9
909,2024-09-24,117,Carlos Torres,kjohnson@example.org,211,Almost Thousand,11,Young,1,231.19,231.19,3224.9
909,2024-09-24,117,Carlos Torres,kjohnson@example.org,243,Learn Space,19,Different,1,366.97,366.97,3224.9
909,2024-09-24,117,Carlos Torres,kjohnson@example.org,96,See Want,4,Choice,4,484.16,1936.64,3224.9
910,2024-05-19,180,Michelle Davis,morganjared@example.com,28,Food Voice,5,Peace,1,28.77,28.77,2260.83
910,2024-05-19,180,Michelle Davis,morganjared@example.com,68,Church Huge,5,Peace,2,135.82,271.64,2260.83
910,2024-05-19,180,Michelle Davis,morganjared@example.com,136,Itself Green,6,Several,3,117.9,353.70000000000005,2260.83
910,2024-05-19,180,Michelle Davis,morganjared@example.com,152,My Security,12,Who,4,401.68,1606.72,2260.83
911,2024-10-29,156,Mackenzie Alvarado,ballardrobert@example.com,112,Professional Defense,16,The,1,483.26,483.26,5096.67
911,2024-10-29,156,Mackenzie Alvarado,ballardrobert@example.com,243,Learn Space,19,Different,4,366.97,1467.88,5096.67
911,2024-10-29,156,Mackenzie Alvarado,ballardrobert@example.com,91,Space Author,11,Young,3,477.97,1433.91,5096.67
911,2024-10-29,156,Mackenzie Alvarado,ballardrobert@example.com,272,Detail Occur,16,The,3,194.42,583.26,5096.67
911,2024-10-29,156,Mackenzie Alvarado,ballardrobert@example.com,260,Important Forward,15,Hour,4,282.09,1128.36,5096.67
912,2024-03-23,141,Nathaniel Pierce,kinggeorge@example.com,285,Increase Behind,11,Young,1,71.22,71.22,1803.3
912,2024-03-23,141,Nathaniel Pierce,kinggeorge@example.com,128,New Low,3,One,3,231.31,693.9300000000001,1803.3
912,2024-03-23,141,Nathaniel Pierce,kinggeorge@example.com,219,Could Kid,1,Have,3,297.5,892.5,1803.3
912,2024-03-23,141,Nathaniel Pierce,kinggeorge@example.com,76,Director Standard,14,Break,3,48.55,145.64999999999998,1803.3
913,2024-04-28,25,Mariah Parker,hle@example.com,123,Their Different,13,Past,3,194.47,583.41,583.41
914,2024-01-29,128,Emily Gordon,urandolph@example.com,283,Two Bar,1,Have,3,218.21,654.63,654.63
915,2025-10-26,128,Emily Gordon,urandolph@example.com,270,Hair Card,8,Nor,4,185.64,742.56,930.62
915,2025-10-26,128,Emily Gordon,urandolph@example.com,233,Real It,9,Wind,1,188.06,188.06,930.62
916,2025-03-21,150,Jill Reese,floydallison@example.org,298,Today Unit,14,Break,3,296.11,888.33,1859.09
916,2025-03-21,150,Jill Reese,floydallison@example.org,281,President Scientist,13,Past,3,258.78,776.3399999999999,1859.09
916,2025-03-21,150,Jill Reese,floydallison@example.org,272,Detail Occur,16,The,1,194.42,194.42,1859.09
917,2024-02-12,93,Hannah Graham,cpeters@example.com,82,Protect Want,2,Deal,4,433.45,1733.8,2637.12
917,2024-02-12,93,Hannah Graham,cpeters@example.com,118,To Debate,8,Nor,1,105.26,105.26,2637.12
917,2024-02-12,93,Hannah Graham,cpeters@example.com,74,Full Camera,18,Strong,2,91.44,182.88,2637.12
917,2024-02-12,93,Hannah Graham,cpeters@example.com,246,Plant Small,11,Young,2,307.59,615.18,2637.12
918,2024-12-12,8,Samantha Benjamin,dustingray@example.com,67,Actually Difficult,19,Different,4,100.71,402.84,402.84
919,2024-10-08,196,Omar Lawson,butlersherry@example.org,156,Keep Wall,18,Strong,3,159.96,479.88,2702.22
919,2024-10-08,196,Omar Lawson,butlersherry@example.org,167,Central Music,17,Support,3,76.86,230.57999999999998,2702.22
919,2024-10-08,196,Omar Lawson,butlersherry@example.org,235,Ago Tend,7,Phone,4,497.94,1991.76,2702.22
920,2025-03-09,101,Christopher Wilson,johnsonmatthew@example.com,29,Possible Bring,3,One,1,267.32,267.32,267.32
921,2024-09-25,51,Edwin Lindsey,nicole50@example.com,295,Yard Conference,6,Several,4,328.64,1314.56,4603.54
921,2024-09-25,51,Edwin Lindsey,nicole50@example.com,227,West Star,11,Young,4,456.4,1825.6,4603.54
921,2024-09-25,51,Edwin Lindsey,nicole50@example.com,150,What Thing,17,Support,2,110.25,220.5,4603.54
921,2024-09-25,51,Edwin Lindsey,nicole50@example.com,50,Scientist Show,13,Past,4,310.72,1242.88,4603.54
922,2024-01-19,127,Robert Smith,scottwhite@example.org,81,Religious None,18,Strong,2,317.02,634.04,2981.72
922,2024-01-19,127,Robert Smith,scottwhite@example.org,188,Student Sign,1,Have,2,278.13,556.26,2981.72
922,2024-01-19,127,Robert Smith,scottwhite@example.org,164,History Involve,2,Deal,3,338.36,1015.08,2981.72
922,2024-01-19,127,Robert Smith,scottwhite@example.org,281,President Scientist,13,Past,3,258.78,776.3399999999999,2981.72
923,2023-11-22,14,Dr. Stephanie Cannon,pcraig@example.org,164,History Involve,2,Deal,1,338.36,338.36,3166.84
923,2023-11-22,14,Dr. Stephanie Cannon,pcraig@example.org,292,Turn Consumer,1,Have,4,184.28,737.12,3166.84
923,2023-11-22,14,Dr. Stephanie Cannon,pcraig@example.org,219,Could Kid,1,Have,4,297.5,1190.0,3166.84
923,2023-11-22,14,Dr. Stephanie Cannon,pcraig@example.org,95,Song Color,11,Young,2,320.9,641.8,3166.84
923,2023-11-22,14,Dr. Stephanie Cannon,pcraig@example.org,125,General Respond,4,Choice,1,259.56,259.56,3166.84
924,2024-10-29,156,Mackenzie Alvarado,ballardrobert@example.com,76,Director Standard,14,Break,4,48.55,194.2,629.48
924,2024-10-29,156,Mackenzie Alvarado,ballardrobert@example.com,168,Ever Three,7,Phone,4,108.82,435.28,629.48
925,2025-10-09,188,Phyllis Floyd,tsimmons@example.com,1,Focus Issue,7,Phone,3,350.69,1052.07,3349.07
925,2025-10-09,188,Phyllis Floyd,tsimmons@example.com,124,Six Series,5,Peace,1,129.47,129.47,3349.07
925,2025-10-09,188,Phyllis Floyd,tsimmons@example.com,61,Actually List,6,Several,1,272.62,272.62,3349.07
925,2025-10-09,188,Phyllis Floyd,tsimmons@example.com,63,Describe Little,17,Support,3,24.21,72.63,3349.07
925,2025-10-09,188,Phyllis Floyd,tsimmons@example.com,294,Whether Value,1,Have,4,455.57,1822.28,3349.07
926,2024-09-26,170,Howard Munoz,smithdaniel@example.net,201,Life Bill,4,Choice,3,340.35,1021.0500000000001,2852.62
926,2024-09-26,170,Howard Munoz,smithdaniel@example.net,172,Join Listen,5,Peace,3,212.91,638.73,2852.62
926,2024-09-26,170,Howard Munoz,smithdaniel@example.net,166,Suggest Would,13,Past,4,298.21,1192.84,2852.62
927,2025-03-07,11,Jennifer Rodriguez,robin21@example.com,112,Professional Defense,16,The,3,483.26,1449.78,1939.27
927,2025-03-07,11,Jennifer Rodriguez,robin21@example.com,24,Task Wait,2,Deal,1,489.49,489.49,1939.27
928,2024-01-08,166,Kristy Smith,stevensbrandon@example.org,292,Turn Consumer,1,Have,4,184.28,737.12,1337.88
928,2024-01-08,166,Kristy Smith,stevensbrandon@example.org,3,Cause Near,7,Phone,3,166.58,499.74,1337.88
928,2024-01-08,166,Kristy Smith,stevensbrandon@example.org,213,Sort Half,18,Strong,2,50.51,101.02,1337.88
929,2024-03-19,6,Richard Moss,ushannon@example.net,225,Onto Imagine,15,Hour,3,490.77,1472.31,2184.15
929,2024-03-19,6,Richard Moss,ushannon@example.net,176,Federal Pattern,10,President,2,355.92,711.84,2184.15
930,2024-11-16,165,Charles Olsen,jeremywatkins@example.com,88,Edge Drug,15,Hour,3,220.79,662.37,2050.3
930,2024-11-16,165,Charles Olsen,jeremywatkins@example.com,256,Tell Behavior,14,Break,4,197.05,788.2,2050.3
930,2024-11-16,165,Charles Olsen,jeremywatkins@example.com,257,Keep Image,12,Who,2,108.93,217.86,2050.3
930,2024-11-16,165,Charles Olsen,jeremywatkins@example.com,127,Their South,11,Young,3,127.29,381.87,2050.3
931,2025-01-27,13,David Gray,jason23@example.com,226,Fast Still,13,Past,2,437.72,875.44,875.44
932,2024-07-04,187,Robert Davis,jonathan74@example.org,299,Feel Meeting,12,Who,4,140.12,560.48,913.45
932,2024-07-04,187,Robert Davis,jonathan74@example.org,293,Sell Else,4,Choice,1,352.97,352.97,913.45
933,2024-08-06,34,Brent Kemp,christophergill@example.com,80,Provide Fight,8,Nor,1,120.58,120.58,1494.06
933,2024-08-06,34,Brent Kemp,christophergill@example.com,35,Join Woman,4,Choice,1,29.96,29.96,1494.06
933,2024-08-06,34,Brent Kemp,christophergill@example.com,278,Large Fill,8,Nor,2,448.51,897.02,1494.06
933,2024-08-06,34,Brent Kemp,christophergill@example.com,2,May Mouth,15,Hour,1,446.5,446.5,1494.06
934,2025-01-01,107,Allen Lang,bjordan@example.net,74,Full Camera,18,Strong,2,91.44,182.88,182.88
935,2024-04-21,8,Samantha Benjamin,dustingray@example.com,199,Level Mission,18,Strong,2,334.72,669.44,1127.4
935,2024-04-21,8,Samantha Benjamin,dustingray@example.com,92,Everyone Also,9,Wind,2,228.98,457.96,1127.4
936,2023-12-17,136,Teresa Baker,amoore@example.com,20,Lead Contain,6,Several,3,189.84,569.52,2914.78
936,2023-12-17,136,Teresa Baker,amoore@example.com,258,Daughter Return,11,Young,2,276.12,552.24,2914.78
936,2023-12-17,136,Teresa Baker,amoore@example.com,177,Former Truth,4,Choice,2,43.67,87.34,2914.78
936,2023-12-17,136,Teresa Baker,amoore@example.com,49,Really However,17,Support,1,344.28,344.28,2914.78
936,2023-12-17,136,Teresa Baker,amoore@example.com,201,Life Bill,4,Choice,4,340.35,1361.4,2914.78
937,2024-05-26,88,Sandra Gutierrez,daniel33@example.org,206,Seat Town,10,President,3,415.22,1245.66,2826.12
937,2024-05-26,88,Sandra Gutierrez,daniel33@example.org,134,Simple Thing,3,One,1,225.34,225.34,2826.12
937,2024-05-26,88,Sandra Gutierrez,daniel33@example.org,186,Sort Animal,8,Nor,4,290.59,1162.36,2826.12
937,2024-05-26,88,Sandra Gutierrez,daniel33@example.org,54,School Ball,8,Nor,1,192.76,192.76,2826.12
938,2025-03-15,112,Joseph Wilson,amanda53@example.com,241,Chance Garden,8,Nor,4,413.64,1654.56,1813.77
938,2025-03-15,112,Joseph Wilson,amanda53@example.com,46,Like Professor,9,Wind,1,159.21,159.21,1813.77
939,2025-08-11,75,Dana Dyer,walkerbruce@example.net,193,Down Up,18,Strong,3,260.78,782.3399999999999,2025.83
939,2025-08-11,75,Dana Dyer,walkerbruce@example.net,192,Art Understand,15,Hour,1,115.13,115.13,2025.83
939,2025-08-11,75,Dana Dyer,walkerbruce@example.net,260,Important Forward,15,Hour,4,282.09,1128.36,2025.83
940,2024-09-14,142,Melinda Jones,thomasdaniel@example.net,235,Ago Tend,7,Phone,2,497.94,995.88,4054.37
940,2024-09-14,142,Melinda Jones,thomasdaniel@example.net,192,Art Understand,15,Hour,3,115.13,345.39,4054.37
940,2024-09-14,142,Melinda Jones,thomasdaniel@example.net,2,May Mouth,15,Hour,4,446.5,1786.0,4054.37
940,2024-09-14,142,Melinda Jones,thomasdaniel@example.net,179,Past Parent,11,Young,2,463.55,927.1,4054.37
941,2024-09-01,140,Mark Martinez,juliemyers@example.net,171,Foot Arm,9,Wind,3,329.11,987.33,987.33
942,2025-02-04,7,Anthony Davis,lynnmichael@example.com,136,Itself Green,6,Several,2,117.9,235.8,2550.14
942,2025-02-04,7,Anthony Davis,lynnmichael@example.com,102,New Recognize,12,Who,4,291.98,1167.92,2550.14
942,2025-02-04,7,Anthony Davis,lynnmichael@example.com,296,Memory Find,2,Deal,3,184.05,552.1500000000001,2550.14
942,2025-02-04,7,Anthony Davis,lynnmichael@example.com,216,Oil Change,6,Several,1,17.93,17.93,2550.14
942,2025-02-04,7,Anthony Davis,lynnmichael@example.com,237,Wait Five,1,Have,2,288.17,576.34,2550.14
943,2025-07-02,47,Glenn Holmes,debrafoster@example.com,117,Generation Dinner,17,Support,3,52.76,158.28,467.97
943,2025-07-02,47,Glenn Holmes,debrafoster@example.com,131,Of Audience,15,Hour,1,309.69,309.69,467.97
944,2024-05-13,7,Anthony Davis,lynnmichael@example.com,165,Travel Mention,13,Past,3,278.11,834.33,2446.31
944,2024-05-13,7,Anthony Davis,lynnmichael@example.com,159,West Wind,4,Choice,3,278.1,834.3000000000001,2446.31
944,2024-05-13,7,Anthony Davis,lynnmichael@example.com,272,Detail Occur,16,The,4,194.42,777.68,2446.31
945,2024-09-06,30,Jennifer King,rosstroy@example.org,35,Join Woman,4,Choice,3,29.96,89.88,1902.02
945,2024-09-06,30,Jennifer King,rosstroy@example.org,214,Increase Because,8,Nor,1,341.9,341.9,1902.02
945,2024-09-06,30,Jennifer King,rosstroy@example.org,90,Carry My,18,Strong,2,463.35,926.7,1902.02
945,2024-09-06,30,Jennifer King,rosstroy@example.org,291,Imagine Indeed,18,Strong,3,181.18,543.54,1902.02
946,2024-03-06,34,Brent Kemp,christophergill@example.com,286,During Challenge,18,Strong,1,241.31,241.31,3627.56
946,2024-03-06,34,Brent Kemp,christophergill@example.com,122,Myself Guy,14,Break,1,315.45,315.45,3627.56
946,2024-03-06,34,Brent Kemp,christophergill@example.com,280,Response Somebody,18,Strong,3,269.57,808.71,3627.56
946,2024-03-06,34,Brent Kemp,christophergill@example.com,189,Material Class,4,Choice,3,419.75,1259.25,3627.56
946,2024-03-06,34,Brent Kemp,christophergill@example.com,220,Happen Per,8,Nor,4,250.71,1002.84,3627.56
947,2025-07-05,110,Holly Mathis,andersonaustin@example.org,189,Material Class,4,Choice,1,419.75,419.75,671.82
947,2025-07-05,110,Holly Mathis,andersonaustin@example.org,39,Form Pull,4,Choice,2,20.84,41.68,671.82
947,2025-07-05,110,Holly Mathis,andersonaustin@example.org,69,Blue Answer,7,Phone,3,70.13,210.39,671.82
948,2023-12-03,45,Debra Schroeder,laurieclark@example.com,186,Sort Animal,8,Nor,1,290.59,290.59,3814.75
948,2023-12-03,45,Debra Schroeder,laurieclark@example.com,10,Player Long,10,President,4,404.49,1617.96,3814.75
948,2023-12-03,45,Debra Schroeder,laurieclark@example.com,235,Ago Tend,7,Phone,2,497.94,995.88,3814.75
948,2023-12-03,45,Debra Schroeder,laurieclark@example.com,130,Performance Other,15,Hour,2,283.55,567.1,3814.75
948,2023-12-03,45,Debra Schroeder,laurieclark@example.com,121,Four Eye,20,Mind,1,343.22,343.22,3814.75
949,2024-09-18,200,Alejandra Fitzgerald,ellisonhoward@example.org,147,Direction Big,10,President,1,367.81,367.81,1979.04
949,2024-09-18,200,Alejandra Fitzgerald,ellisonhoward@example.org,123,Their Different,13,Past,2,194.47,388.94,1979.04
949,2024-09-18,200,Alejandra Fitzgerald,ellisonhoward@example.org,57,Leg Difficult,15,Hour,3,407.43,1222.29,1979.04
950,2025-06-08,175,Paul Howard,handerson@example.org,226,Fast Still,13,Past,4,437.72,1750.88,2903.74
950,2025-06-08,175,Paul Howard,handerson@example.org,243,Learn Space,19,Different,3,366.97,1100.91,2903.74
950,2025-06-08,175,Paul Howard,handerson@example.org,63,Describe Little,17,Support,1,24.21,24.21,2903.74
950,2025-06-08,175,Paul Howard,handerson@example.org,51,Attention Local,7,Phone,1,27.74,27.74,2903.74
951,2025-02-19,185,Eric Woods,janet14@example.com,208,Water Government,19,Different,4,328.57,1314.28,2162.43
951,2025-02-19,185,Eric Woods,janet14@example.com,200,Available Both,14,Break,1,385.53,385.53,2162.43
951,2025-02-19,185,Eric Woods,janet14@example.com,128,New Low,3,One,2,231.31,462.62,2162.43
952,2024-06-11,186,Mark Leonard,thomas23@example.net,57,Leg Difficult,15,Hour,3,407.43,1222.29,1222.29
953,2025-01-26,132,Douglas Hester,dyerryan@example.net,297,Until Few,8,Nor,3,291.97,875.9100000000001,2486.96
953,2025-01-26,132,Douglas Hester,dyerryan@example.net,221,Suffer City,20,Mind,1,227.07,227.07,2486.96
953,2025-01-26,132,Douglas Hester,dyerryan@example.net,271,Worry Medical,18,Strong,3,352.09,1056.27,2486.96
953,2025-01-26,132,Douglas Hester,dyerryan@example.net,182,Anyone Rich,16,The,1,327.71,327.71,2486.96
954,2025-09-11,27,Beverly Torres,valenzuelajean@example.org,3,Cause Near,7,Phone,3,166.58,499.74,1418.93
954,2025-09-11,27,Beverly Torres,valenzuelajean@example.org,85,Fear Still,14,Break,1,109.03,109.03,1418.93
954,2025-09-11,27,Beverly Torres,valenzuelajean@example.org,160,See Item,18,Strong,4,25.16,100.64,1418.93
954,2025-09-11,27,Beverly Torres,valenzuelajean@example.org,264,Woman Mission,20,Mind,4,177.38,709.52,1418.93
955,2025-02-25,200,Alejandra Fitzgerald,ellisonhoward@example.org,297,Until Few,8,Nor,2,291.97,583.94,1381.38
955,2025-02-25,200,Alejandra Fitzgerald,ellisonhoward@example.org,274,Stay Go,20,Mind,2,398.72,797.44,1381.38
956,2025-05-11,191,Zachary Johnson,dawnharris@example.net,24,Task Wait,2,Deal,2,489.49,978.98,1651.64
956,2025-05-11,191,Zachary Johnson,dawnharris@example.net,78,Woman Worker,1,Have,3,224.22,672.66,1651.64
957,2025-02-19,122,Susan Nelson,castillodawn@example.com,287,Would Real,6,Several,4,403.84,1615.36,4604.01
957,2025-02-19,122,Susan Nelson,castillodawn@example.com,175,General Those,15,Hour,2,483.49,966.98,4604.01
957,2025-02-19,122,Susan Nelson,castillodawn@example.com,231,Travel Strong,5,Peace,4,84.5,338.0,4604.01
957,2025-02-19,122,Susan Nelson,castillodawn@example.com,149,Around Away,14,Break,1,344.17,344.17,4604.01
957,2025-02-19,122,Susan Nelson,castillodawn@example.com,2,May Mouth,15,Hour,3,446.5,1339.5,4604.01
958,2024-03-30,121,Crystal Escobar,qwalker@example.net,65,Benefit Real,4,Choice,1,488.07,488.07,3054.24
958,2024-03-30,121,Crystal Escobar,qwalker@example.net,100,Mission Many,13,Past,1,345.4,345.4,3054.24
958,2024-03-30,121,Crystal Escobar,qwalker@example.net,266,Second With,2,Deal,4,371.78,1487.12,3054.24
958,2024-03-30,121,Crystal Escobar,qwalker@example.net,242,Case Base,3,One,3,244.55,733.6500000000001,3054.24
959,2024-08-14,195,Deborah Maldonado,imarsh@example.net,160,See Item,18,Strong,1,25.16,25.16,1013.67
959,2024-08-14,195,Deborah Maldonado,imarsh@example.net,205,Month Interesting,9,Wind,3,47.63,142.89000000000001,1013.67
959,2024-08-14,195,Deborah Maldonado,imarsh@example.net,94,Firm No,15,Hour,2,180.73,361.46,1013.67
959,2024-08-14,195,Deborah Maldonado,imarsh@example.net,96,See Want,4,Choice,1,484.16,484.16,1013.67
960,2025-04-19,200,Alejandra Fitzgerald,ellisonhoward@example.org,130,Performance Other,15,Hour,3,283.55,850.6500000000001,3837.29
960,2025-04-19,200,Alejandra Fitzgerald,ellisonhoward@example.org,170,Miss Different,14,Break,3,233.22,699.66,3837.29
960,2025-04-19,200,Alejandra Fitzgerald,ellisonhoward@example.org,10,Player Long,10,President,1,404.49,404.49,3837.29
960,2025-04-19,200,Alejandra Fitzgerald,ellisonhoward@example.org,165,Travel Mention,13,Past,2,278.11,556.22,3837.29
960,2025-04-19,200,Alejandra Fitzgerald,ellisonhoward@example.org,169,Wrong Stop,7,Phone,3,442.09,1326.27,3837.29
961,2024-03-24,176,Perry Thompson,amanda32@example.com,284,Money Employee,4,Choice,2,355.86,711.72,3406.0
961,2024-03-24,176,Perry Thompson,amanda32@example.com,221,Suffer City,20,Mind,4,227.07,908.28,3406.0
961,2024-03-24,176,Perry Thompson,amanda32@example.com,2,May Mouth,15,Hour,4,446.5,1786.0,3406.0
962,2025-02-26,74,Matthew Gilbert,laurenkelly@example.com,101,Guess Expert,11,Young,3,141.6,424.79999999999995,424.8
963,2025-07-14,88,Sandra Gutierrez,daniel33@example.org,111,Compare Media,15,Hour,3,133.57,400.71,400.71
964,2025-10-27,183,Robert Roberts,tracy18@example.com,125,General Respond,4,Choice,4,259.56,1038.24,1158.08
964,2025-10-27,183,Robert Roberts,tracy18@example.com,35,Join Woman,4,Choice,4,29.96,119.84,1158.08
965,2024-10-04,49,Joseph Anderson,oross@example.com,201,Life Bill,4,Choice,4,340.35,1361.4,3235.05
965,2024-10-04,49,Joseph Anderson,oross@example.com,129,Water Another,2,Deal,3,303.9,911.6999999999999,3235.05
965,2024-10-04,49,Joseph Anderson,oross@example.com,218,Top School,7,Phone,4,26.83,107.32,3235.05
965,2024-10-04,49,Joseph Anderson,oross@example.com,270,Hair Card,8,Nor,4,185.64,742.56,3235.05
965,2024-10-04,49,Joseph Anderson,oross@example.com,18,Food Responsibility,2,Deal,1,112.07,112.07,3235.05
966,2025-07-14,133,Brittany Preston,egilbert@example.com,103,Hospital Be,1,Have,1,22.44,22.44,430.71
966,2025-07-14,133,Brittany Preston,egilbert@example.com,174,Tend Music,1,Have,3,136.09,408.27,430.71
967,2025-03-05,100,Mrs. Tracy Cook,davidweaver@example.com,200,Available Both,14,Break,4,385.53,1542.12,4449.17
967,2025-03-05,100,Mrs. Tracy Cook,davidweaver@example.com,135,Establish Heavy,16,The,3,342.38,1027.1399999999999,4449.17
967,2025-03-05,100,Mrs. Tracy Cook,davidweaver@example.com,27,North Man,4,Choice,4,285.09,1140.36,4449.17
967,2025-03-05,100,Mrs. Tracy Cook,davidweaver@example.com,214,Increase Because,8,Nor,1,341.9,341.9,4449.17
967,2025-03-05,100,Mrs. Tracy Cook,davidweaver@example.com,290,Likely Concern,13,Past,3,132.55,397.65000000000003,4449.17
968,2024-05-17,168,Karen Christensen,vazquezjeremy@example.org,268,We Lawyer,1,Have,4,197.51,790.04,1533.44
968,2024-05-17,168,Karen Christensen,vazquezjeremy@example.org,33,Local Population,10,President,1,386.0,386.0,1533.44
968,2024-05-17,168,Karen Christensen,vazquezjeremy@example.org,178,Prevent Home,6,Several,1,357.4,357.4,1533.44
969,2024-02-28,157,Elizabeth Owens,carriehoward@example.net,1,Focus Issue,7,Phone,4,350.69,1402.76,3822.36
969,2024-02-28,157,Elizabeth Owens,carriehoward@example.net,175,General Those,15,Hour,4,483.49,1933.96,3822.36
969,2024-02-28,157,Elizabeth Owens,carriehoward@example.net,142,Him Baby,5,Peace,4,93.26,373.04,3822.36
969,2024-02-28,157,Elizabeth Owens,carriehoward@example.net,223,President Them,5,Peace,1,112.6,112.6,3822.36
970,2024-10-17,56,Shawn Wilson,brandonsanchez@example.com,199,Level Mission,18,Strong,4,334.72,1338.88,1599.22
970,2024-10-17,56,Shawn Wilson,brandonsanchez@example.com,83,Total Drop,3,One,1,260.34,260.34,1599.22
971,2025-03-12,121,Crystal Escobar,qwalker@example.net,110,Move Network,17,Support,3,203.55,610.6500000000001,3112.39
971,2025-03-12,121,Crystal Escobar,qwalker@example.net,75,Air Ability,2,Deal,3,463.55,1390.65,3112.39
971,2025-03-12,121,Crystal Escobar,qwalker@example.net,79,Unit Could,10,President,3,181.67,545.01,3112.39
971,2025-03-12,121,Crystal Escobar,qwalker@example.net,37,Indicate Value,13,Past,1,296.88,296.88,3112.39
971,2025-03-12,121,Crystal Escobar,qwalker@example.net,99,Culture Big,6,Several,4,67.3,269.2,3112.39
972,2025-05-26,10,John Woodard MD,michael82@example.com,62,Stage Bit,5,Peace,4,180.17,720.68,1658.58
972,2025-05-26,10,John Woodard MD,michael82@example.com,187,Morning Notice,10,President,1,456.83,456.83,1658.58
972,2025-05-26,10,John Woodard MD,michael82@example.com,28,Food Voice,5,Peace,3,28.77,86.31,1658.58
972,2025-05-26,10,John Woodard MD,michael82@example.com,124,Six Series,5,Peace,2,129.47,258.94,1658.58
972,2025-05-26,10,John Woodard MD,michael82@example.com,68,Church Huge,5,Peace,1,135.82,135.82,1658.58
973,2025-09-12,90,Lisa Shepherd,holmesjustin@example.net,299,Feel Meeting,12,Who,2,140.12,280.24,280.24
974,2025-09-08,40,Amber Anderson,singhrobert@example.net,84,Change Offer,2,Deal,3,353.79,1061.3700000000001,2603.14
974,2025-09-08,40,Amber Anderson,singhrobert@example.net,105,One Itself,4,Choice,2,306.35,612.7,2603.14
974,2025-09-08,40,Amber Anderson,singhrobert@example.net,131,Of Audience,15,Hour,3,309.69,929.0699999999999,2603.14
975,2024-12-02,142,Melinda Jones,thomasdaniel@example.net,23,Occur Still,15,Hour,3,312.59,937.77,937.77
976,2025-04-16,87,Robert Vazquez,patricia40@example.org,276,Indeed Day,14,Break,3,82.3,246.89999999999998,3881.16
976,2025-04-16,87,Robert Vazquez,patricia40@example.org,91,Space Author,11,Young,4,477.97,1911.88,3881.16
976,2025-04-16,87,Robert Vazquez,patricia40@example.org,201,Life Bill,4,Choice,4,340.35,1361.4,3881.16
976,2025-04-16,87,Robert Vazquez,patricia40@example.org,83,Total Drop,3,One,1,260.34,260.34,3881.16
976,2025-04-16,87,Robert Vazquez,patricia40@example.org,160,See Item,18,Strong,4,25.16,100.64,3881.16
977,2024-01-07,182,Raymond Taylor,williemorris@example.com,5,Both Write,5,Peace,2,140.03,280.06,3156.5
977,2024-01-07,182,Raymond Taylor,williemorris@example.com,297,Until Few,8,Nor,1,291.97,291.97,3156.5
977,2024-01-07,182,Raymond Taylor,williemorris@example.com,49,Really However,17,Support,2,344.28,688.56,3156.5
977,2024-01-07,182,Raymond Taylor,williemorris@example.com,21,Work Soldier,15,Hour,1,472.79,472.79,3156.5
977,2024-01-07,182,Raymond Taylor,williemorris@example.com,145,In Benefit,7,Phone,4,355.78,1423.12,3156.5
978,2024-07-07,152,Jennifer Williams,omeadows@example.com,271,Worry Medical,18,Strong,1,352.09,352.09,2178.98
978,2024-07-07,152,Jennifer Williams,omeadows@example.com,110,Move Network,17,Support,1,203.55,203.55,2178.98
978,2024-07-07,152,Jennifer Williams,omeadows@example.com,42,Tv Enter,4,Choice,2,442.16,884.32,2178.98
978,2024-07-07,152,Jennifer Williams,omeadows@example.com,222,Stand Which,11,Young,3,154.3,462.90000000000003,2178.98
978,2024-07-07,152,Jennifer Williams,omeadows@example.com,258,Daughter Return,11,Young,1,276.12,276.12,2178.98
979,2025-04-25,163,Lindsay Crawford,antoniocoleman@example.com,299,Feel Meeting,12,Who,3,140.12,420.36,420.36
980,2024-07-11,26,Timothy Wyatt,tammy31@example.net,225,Onto Imagine,15,Hour,2,490.77,981.54,981.54
981,2023-12-28,163,Lindsay Crawford,antoniocoleman@example.com,261,Century Herself,7,Phone,3,432.34,1297.02,2466.18
981,2023-12-28,163,Lindsay Crawford,antoniocoleman@example.com,253,Tell Miss,19,Different,4,292.29,1169.16,2466.18
982,2025-05-08,68,Nicholas Burgess,allenkenneth@example.com,232,Feel End,6,Several,3,495.28,1485.84,3249.64
982,2025-05-08,68,Nicholas Burgess,allenkenneth@example.com,123,Their Different,13,Past,4,194.47,777.88,3249.64
982,2025-05-08,68,Nicholas Burgess,allenkenneth@example.com,295,Yard Conference,6,Several,3,328.64,985.92,3249.64
983,2025-08-21,176,Perry Thompson,amanda32@example.com,234,Capital Make,18,Strong,3,18.32,54.96,54.96
984,2025-06-11,110,Holly Mathis,andersonaustin@example.org,115,Prove Make,10,President,4,43.36,173.44,1850.64
984,2025-06-11,110,Holly Mathis,andersonaustin@example.org,79,Unit Could,10,President,3,181.67,545.01,1850.64
984,2025-06-11,110,Holly Mathis,andersonaustin@example.org,89,Member Four,15,Hour,1,317.99,317.99,1850.64
984,2025-06-11,110,Holly Mathis,andersonaustin@example.org,110,Move Network,17,Support,4,203.55,814.2,1850.64
985,2025-09-01,11,Jennifer Rodriguez,robin21@example.com,7,Because Night,2,Deal,2,7.29,14.58,132.48
985,2025-09-01,11,Jennifer Rodriguez,robin21@example.com,136,Itself Green,6,Several,1,117.9,117.9,132.48
986,2023-12-03,94,Susan Bush,parkeranne@example.net,149,Around Away,14,Break,4,344.17,1376.68,5880.39
986,2023-12-03,94,Susan Bush,parkeranne@example.net,210,Total Everyone,13,Past,4,383.33,1533.32,5880.39
986,2023-12-03,94,Susan Bush,parkeranne@example.net,91,Space Author,11,Young,3,477.97,1433.91,5880.39
986,2023-12-03,94,Susan Bush,parkeranne@example.net,119,South Act,15,Hour,4,384.12,1536.48,5880.39
987,2025-05-13,62,Kristy Richmond,bowersstacey@example.com,13,Approach Politics,9,Wind,1,102.84,102.84,1993.0
987,2025-05-13,62,Kristy Richmond,bowersstacey@example.com,220,Happen Per,8,Nor,3,250.71,752.13,1993.0
987,2025-05-13,62,Kristy Richmond,bowersstacey@example.com,212,Energy Usually,12,Who,4,164.83,659.32,1993.0
987,2025-05-13,62,Kristy Richmond,bowersstacey@example.com,229,Nothing Develop,4,Choice,1,478.71,478.71,1993.0
988,2025-08-29,19,Harry Bruce,phall@example.com,267,These Include,7,Phone,2,80.88,161.76,1868.37
988,2025-08-29,19,Harry Bruce,phall@example.com,169,Wrong Stop,7,Phone,2,442.09,884.18,1868.37
988,2025-08-29,19,Harry Bruce,phall@example.com,5,Both Write,5,Peace,1,140.03,140.03,1868.37
988,2025-08-29,19,Harry Bruce,phall@example.com,207,Skin Fly,17,Support,2,341.2,682.4,1868.37
989,2024-12-23,65,Dylan Walker,edward17@example.com,178,Prevent Home,6,Several,3,357.4,1072.1999999999998,1072.2
990,2025-01-30,176,Perry Thompson,amanda32@example.com,136,Itself Green,6,Several,1,117.9,117.9,4341.28
990,2025-01-30,176,Perry Thompson,amanda32@example.com,36,Camera Prove,11,Young,4,416.65,1666.6,4341.28
990,2025-01-30,176,Perry Thompson,amanda32@example.com,91,Space Author,11,Young,2,477.97,955.94,4341.28
990,2025-01-30,176,Perry Thompson,amanda32@example.com,208,Water Government,19,Different,4,328.57,1314.28,4341.28
990,2025-01-30,176,Perry Thompson,amanda32@example.com,140,World Garden,16,The,4,71.64,286.56,4341.28
991,2025-08-05,38,Andrew Martin,ericwilson@example.com,17,Family Interest,11,Young,2,290.41,580.82,1996.9
991,2025-08-05,38,Andrew Martin,ericwilson@example.com,223,President Them,5,Peace,3,112.6,337.79999999999995,1996.9
991,2025-08-05,38,Andrew Martin,ericwilson@example.com,280,Response Somebody,18,Strong,4,269.57,1078.28,1996.9
992,2024-02-16,10,John Woodard MD,michael82@example.com,138,Probably Officer,1,Have,4,264.31,1057.24,1057.24
993,2024-02-29,25,Mariah Parker,hle@example.com,44,Remember That,2,Deal,2,60.36,120.72,120.72
994,2024-04-17,117,Carlos Torres,kjohnson@example.org,117,Generation Dinner,17,Support,1,52.76,52.76,2554.59
994,2024-04-17,117,Carlos Torres,kjohnson@example.org,107,Bar Also,6,Several,2,345.6,691.2,2554.59
994,2024-04-17,117,Carlos Torres,kjohnson@example.org,166,Suggest Would,13,Past,4,298.21,1192.84,2554.59
994,2024-04-17,117,Carlos Torres,kjohnson@example.org,184,See Fund,5,Peace,3,205.93,617.79,2554.59
995,2024-09-06,116,Katherine Navarro MD,michele39@example.com,240,Over Bank,12,Who,2,239.35,478.7,2222.54
995,2024-09-06,116,Katherine Navarro MD,michele39@example.com,204,Civil Officer,5,Peace,1,404.78,404.78,2222.54
995,2024-09-06,116,Katherine Navarro MD,michele39@example.com,212,Energy Usually,12,Who,2,164.83,329.66,2222.54
995,2024-09-06,116,Katherine Navarro MD,michele39@example.com,276,Indeed Day,14,Break,1,82.3,82.3,2222.54
995,2024-09-06,116,Katherine Navarro MD,michele39@example.com,179,Past Parent,11,Young,2,463.55,927.1,2222.54
996,2025-04-01,131,Dr. Craig Macdonald,jennifer99@example.com,196,Community Bill,9,Wind,2,469.6,939.2,1373.22
996,2025-04-01,131,Dr. Craig Macdonald,jennifer99@example.com,191,Trial Too,18,Strong,1,66.79,66.79,1373.22
996,2025-04-01,131,Dr. Craig Macdonald,jennifer99@example.com,98,Born Near,7,Phone,1,367.23,367.23,1373.22
997,2025-05-18,156,Mackenzie Alvarado,ballardrobert@example.com,279,Property Note,7,Phone,1,401.9,401.9,401.9
998,2024-05-17,55,Heidi Smith,ugilmore@example.com,231,Travel Strong,5,Peace,1,84.5,84.5,721.79
998,2024-05-17,55,Heidi Smith,ugilmore@example.com,161,Story What,17,Support,1,372.98,372.98,721.79
998,2024-05-17,55,Heidi Smith,ugilmore@example.com,138,Probably Officer,1,Have,1,264.31,264.31,721.79
999,2025-10-29,111,Mary Banks,jacobstanley@example.net,200,Available Both,14,Break,3,385.53,1156.59,3368.17
999,2025-10-29,111,Mary Banks,jacobstanley@example.net,182,Anyone Rich,16,The,4,327.71,1310.84,3368.17
999,2025-10-29,111,Mary Banks,jacobstanley@example.net,157,Each Program,11,Young,2,450.37,900.74,3368.17
1000,2024-07-13,152,Jennifer Williams,omeadows@example.com,197,Go Woman,7,Phone,4,292.22,1168.88,3886.48
1000,2024-07-13,152,Jennifer Williams,omeadows@example.com,297,Until Few,8,Nor,3,291.97,875.9100000000001,3886.48
1000,2024-07-13,152,Jennifer Williams,omeadows@example.com,1,Focus Issue,7,Phone,1,350.69,350.69,3886.48
1000,2024-07-13,152,Jennifer Williams,omeadows@example.com,298,Today Unit,14,Break,2,296.11,592.22,3886.48
1000,2024-07-13,152,Jennifer Williams,omeadows@example.com,104,Really Rich,7,Phone,2,449.39,898.78,3886.48
